id,name,status,nodeCount,nodeNumber,storageAzone,username,tenantId,projectName,mqsVersion,keypair,neutronManagementNetwork,neutronManagementNetworkName,cloudDiskType,cloudDiskInUse,cloudDiskCapacity,managementNetworkList,createdAt,realIp,serviceName,administrator,monitorOn,antiAffinity,imageName,imageOsType,frameworkType,zone,instanceName,internalIp,cpu,ram,disk,rabbitmq_policy,logPath,version,dataPath
57a82c3f-46f6-46a7-92d4-3047bfe49cb3,djgmq018,ACTIVE,3,3,hlw_hg4_cinder01,sztzyjy,f6f67bd69dc54d54b84b2e7497e69e0a,hlw-海南省教育厅,E7601L02-V500R001B01D021_RC27,dbaas,6fee0416-6e3d-45b6-9a71-42a4ab1e9a4f,jyt-131-0-24,精简置备,True,200G,['10.148.131.0/24'],2025-11-05 19:40:11,10.148.131.28,rabbitmq,admin,1,False,MQS-NingOS-X86-MQS-1.6,NingOS,x86,HLW_HG4_Domain01,djgmq018-rabbitmq-master-1-2a9c0-0,10.148.131.157,4,12288,100,MIRROR_ALL,/volumes/disk1/var/log/rabbitmq,{'RABBITMQ': '3.7.4'},/volumes/disk1/var/lib/rabbitmq
57a82c3f-46f6-46a7-92d4-3047bfe49cb3,djgmq018,ACTIVE,3,3,hlw_hg4_cinder01,sztzyjy,f6f67bd69dc54d54b84b2e7497e69e0a,hlw-海南省教育厅,E7601L02-V500R001B01D021_RC27,dbaas,6fee0416-6e3d-45b6-9a71-42a4ab1e9a4f,jyt-131-0-24,精简置备,True,200G,['10.148.131.0/24'],2025-11-05 19:40:11,10.148.131.28,rabbitmq,admin,1,False,MQS-NingOS-X86-MQS-1.6,NingOS,x86,HLW_HG4_Domain01,djgmq018-rabbitmq-master-2-79b14-0,10.148.131.49,4,12288,100,MIRROR_ALL,/volumes/disk1/var/log/rabbitmq,{'RABBITMQ': '3.7.4'},/volumes/disk1/var/lib/rabbitmq
57a82c3f-46f6-46a7-92d4-3047bfe49cb3,djgmq018,ACTIVE,3,3,hlw_hg4_cinder01,sztzyjy,f6f67bd69dc54d54b84b2e7497e69e0a,hlw-海南省教育厅,E7601L02-V500R001B01D021_RC27,dbaas,6fee0416-6e3d-45b6-9a71-42a4ab1e9a4f,jyt-131-0-24,精简置备,True,200G,['10.148.131.0/24'],2025-11-05 19:40:11,10.148.131.28,rabbitmq,admin,1,False,MQS-NingOS-X86-MQS-1.6,NingOS,x86,HLW_HG4_Domain01,djgmq018-rabbitmq-core-1-7c54e-0,10.148.131.181,4,12288,100,MIRROR_ALL,/volumes/disk1/var/log/rabbitmq,{'RABBITMQ': '3.7.4'},/volumes/disk1/var/lib/rabbitmq
8cd4560e-650c-467f-bea8-cf07fa7cc49b,djgmq036,ACTIVE,3,3,,sztzyjy,f6f67bd69dc54d54b84b2e7497e69e0a,hlw-海南省教育厅,E7601L02-V500R001B01D021_RC27,dbaas,6fee0416-6e3d-45b6-9a71-42a4ab1e9a4f,jyt-131-0-24,,True,0G,['10.148.131.0/24'],2025-10-25 18:35:24,10.148.131.70,rabbitmq,admin,1,False,MQS-NingOS-X86-MQS-1.6,NingOS,x86,HLW_HG4_Domain01,djgmq036-rabbitmq-core-1-dff13-0,10.148.131.143,4,16384,100,MIRROR_ALL,/var/log/rabbitmq,{'RABBITMQ': '3.7.4'},/var/lib/rabbitmq
8cd4560e-650c-467f-bea8-cf07fa7cc49b,djgmq036,ACTIVE,3,3,,sztzyjy,f6f67bd69dc54d54b84b2e7497e69e0a,hlw-海南省教育厅,E7601L02-V500R001B01D021_RC27,dbaas,6fee0416-6e3d-45b6-9a71-42a4ab1e9a4f,jyt-131-0-24,,True,0G,['10.148.131.0/24'],2025-10-25 18:35:24,10.148.131.70,rabbitmq,admin,1,False,MQS-NingOS-X86-MQS-1.6,NingOS,x86,HLW_HG4_Domain01,djgmq036-rabbitmq-master-1-36ab9-0,10.148.131.186,4,16384,100,MIRROR_ALL,/var/log/rabbitmq,{'RABBITMQ': '3.7.4'},/var/lib/rabbitmq
8cd4560e-650c-467f-bea8-cf07fa7cc49b,djgmq036,ACTIVE,3,3,,sztzyjy,f6f67bd69dc54d54b84b2e7497e69e0a,hlw-海南省教育厅,E7601L02-V500R001B01D021_RC27,dbaas,6fee0416-6e3d-45b6-9a71-42a4ab1e9a4f,jyt-131-0-24,,True,0G,['10.148.131.0/24'],2025-10-25 18:35:24,10.148.131.70,rabbitmq,admin,1,False,MQS-NingOS-X86-MQS-1.6,NingOS,x86,HLW_HG4_Domain01,djgmq036-rabbitmq-master-2-2308e-0,10.148.131.174,4,16384,100,MIRROR_ALL,/var/log/rabbitmq,{'RABBITMQ': '3.7.4'},/var/lib/rabbitmq
e1b1713a-60db-4c50-99dc-f061f06bfb05,djgmq050,ACTIVE,3,3,,sztzyjy,f6f67bd69dc54d54b84b2e7497e69e0a,hlw-海南省教育厅,E7601L02-V500R001B01D021_RC27,dbaas,f0127811-6d47-4b40-82c2-eb20d8347304,jst131-025,,True,0G,['10.148.132.0/25'],2025-10-24 10:16:56,10.148.132.5,rabbitmq,admin,1,False,MQS-NingOS-X86-MQS-1.6,NingOS,x86,HLW_HG4_Domain01,djgmq050-rabbitmq-master-1-9be3b-0,10.148.132.87,8,16384,100,MIRROR_ALL,/var/log/rabbitmq,{'RABBITMQ': '3.7.4'},/var/lib/rabbitmq
e1b1713a-60db-4c50-99dc-f061f06bfb05,djgmq050,ACTIVE,3,3,,sztzyjy,f6f67bd69dc54d54b84b2e7497e69e0a,hlw-海南省教育厅,E7601L02-V500R001B01D021_RC27,dbaas,f0127811-6d47-4b40-82c2-eb20d8347304,jst131-025,,True,0G,['10.148.132.0/25'],2025-10-24 10:16:56,10.148.132.5,rabbitmq,admin,1,False,MQS-NingOS-X86-MQS-1.6,NingOS,x86,HLW_HG4_Domain01,djgmq050-rabbitmq-master-2-8022d-0,10.148.132.118,8,16384,100,MIRROR_ALL,/var/log/rabbitmq,{'RABBITMQ': '3.7.4'},/var/lib/rabbitmq
e1b1713a-60db-4c50-99dc-f061f06bfb05,djgmq050,ACTIVE,3,3,,sztzyjy,f6f67bd69dc54d54b84b2e7497e69e0a,hlw-海南省教育厅,E7601L02-V500R001B01D021_RC27,dbaas,f0127811-6d47-4b40-82c2-eb20d8347304,jst131-025,,True,0G,['10.148.132.0/25'],2025-10-24 10:16:56,10.148.132.5,rabbitmq,admin,1,False,MQS-NingOS-X86-MQS-1.6,NingOS,x86,HLW_HG4_Domain01,djgmq050-rabbitmq-core-1-75861-0,10.148.132.86,8,16384,100,MIRROR_ALL,/var/log/rabbitmq,{'RABBITMQ': '3.7.4'},/var/lib/rabbitmq
8a7be7b3-ca56-477b-9902-ab38d172ba53,djgmq052,ACTIVE,3,3,,sztzyjy,f6f67bd69dc54d54b84b2e7497e69e0a,hlw-海南省教育厅,E7601L02-V500R001B01D021_RC27,dbaas,f0127811-6d47-4b40-82c2-eb20d8347304,jst131-025,,True,0G,['10.148.132.0/25'],2025-10-24 09:31:22,10.148.132.11,rabbitmq,admin,1,False,MQS-NingOS-X86-MQS-1.6,NingOS,x86,HLW_HG4_Domain01,djgmq052-rabbitmq-master-1-10099-0,10.148.132.114,8,16384,100,MIRROR_ALL,/var/log/rabbitmq,{'RABBITMQ': '3.7.4'},/var/lib/rabbitmq
8a7be7b3-ca56-477b-9902-ab38d172ba53,djgmq052,ACTIVE,3,3,,sztzyjy,f6f67bd69dc54d54b84b2e7497e69e0a,hlw-海南省教育厅,E7601L02-V500R001B01D021_RC27,dbaas,f0127811-6d47-4b40-82c2-eb20d8347304,jst131-025,,True,0G,['10.148.132.0/25'],2025-10-24 09:31:22,10.148.132.11,rabbitmq,admin,1,False,MQS-NingOS-X86-MQS-1.6,NingOS,x86,HLW_HG4_Domain01,djgmq052-rabbitmq-master-2-f5aa1-0,10.148.132.40,8,16384,100,MIRROR_ALL,/var/log/rabbitmq,{'RABBITMQ': '3.7.4'},/var/lib/rabbitmq
8a7be7b3-ca56-477b-9902-ab38d172ba53,djgmq052,ACTIVE,3,3,,sztzyjy,f6f67bd69dc54d54b84b2e7497e69e0a,hlw-海南省教育厅,E7601L02-V500R001B01D021_RC27,dbaas,f0127811-6d47-4b40-82c2-eb20d8347304,jst131-025,,True,0G,['10.148.132.0/25'],2025-10-24 09:31:22,10.148.132.11,rabbitmq,admin,1,False,MQS-NingOS-X86-MQS-1.6,NingOS,x86,HLW_HG4_Domain01,djgmq052-rabbitmq-core-1-30c21-0,10.148.132.107,8,16384,100,MIRROR_ALL,/var/log/rabbitmq,{'RABBITMQ': '3.7.4'},/var/lib/rabbitmq
501d824d-c461-4868-b47e-a35ed47c963a,djgmq056,ACTIVE,3,3,,sztzyjy,f6f67bd69dc54d54b84b2e7497e69e0a,hlw-海南省教育厅,E7601L02-V500R001B01D021_RC27,dbaas,f0127811-6d47-4b40-82c2-eb20d8347304,jst131-025,,True,0G,['10.148.132.0/25'],2025-10-24 09:17:45,10.148.132.10,rabbitmq,admin,1,False,MQS-NingOS-X86-MQS-1.6,NingOS,x86,HLW_HG4_Domain01,djgmq056-rabbitmq-master-1-6f8dd-0,10.148.132.105,8,16384,100,MIRROR_ALL,/var/log/rabbitmq,{'RABBITMQ': '3.7.4'},/var/lib/rabbitmq
501d824d-c461-4868-b47e-a35ed47c963a,djgmq056,ACTIVE,3,3,,sztzyjy,f6f67bd69dc54d54b84b2e7497e69e0a,hlw-海南省教育厅,E7601L02-V500R001B01D021_RC27,dbaas,f0127811-6d47-4b40-82c2-eb20d8347304,jst131-025,,True,0G,['10.148.132.0/25'],2025-10-24 09:17:45,10.148.132.10,rabbitmq,admin,1,False,MQS-NingOS-X86-MQS-1.6,NingOS,x86,HLW_HG4_Domain01,djgmq056-rabbitmq-master-2-586b0-0,10.148.132.23,8,16384,100,MIRROR_ALL,/var/log/rabbitmq,{'RABBITMQ': '3.7.4'},/var/lib/rabbitmq
501d824d-c461-4868-b47e-a35ed47c963a,djgmq056,ACTIVE,3,3,,sztzyjy,f6f67bd69dc54d54b84b2e7497e69e0a,hlw-海南省教育厅,E7601L02-V500R001B01D021_RC27,dbaas,f0127811-6d47-4b40-82c2-eb20d8347304,jst131-025,,True,0G,['10.148.132.0/25'],2025-10-24 09:17:45,10.148.132.10,rabbitmq,admin,1,False,MQS-NingOS-X86-MQS-1.6,NingOS,x86,HLW_HG4_Domain01,djgmq056-rabbitmq-core-1-d7632-0,10.148.132.29,8,16384,100,MIRROR_ALL,/var/log/rabbitmq,{'RABBITMQ': '3.7.4'},/var/lib/rabbitmq
872c756c-fc0a-4d15-928d-81607a080c80,djgmq055,ACTIVE,3,3,,sztzyjy,f6f67bd69dc54d54b84b2e7497e69e0a,hlw-海南省教育厅,E7601L02-V500R001B01D021_RC27,dbaas,f0127811-6d47-4b40-82c2-eb20d8347304,jst131-025,,True,0G,['10.148.132.0/25'],2025-10-24 09:02:05,10.148.132.8,rabbitmq,admin,1,False,MQS-NingOS-X86-MQS-1.6,NingOS,x86,HLW_HG4_Domain01,djgmq055-rabbitmq-master-1-f6bdc-0,10.148.132.83,8,16384,100,MIRROR_ALL,/var/log/rabbitmq,{'RABBITMQ': '3.7.4'},/var/lib/rabbitmq
872c756c-fc0a-4d15-928d-81607a080c80,djgmq055,ACTIVE,3,3,,sztzyjy,f6f67bd69dc54d54b84b2e7497e69e0a,hlw-海南省教育厅,E7601L02-V500R001B01D021_RC27,dbaas,f0127811-6d47-4b40-82c2-eb20d8347304,jst131-025,,True,0G,['10.148.132.0/25'],2025-10-24 09:02:05,10.148.132.8,rabbitmq,admin,1,False,MQS-NingOS-X86-MQS-1.6,NingOS,x86,HLW_HG4_Domain01,djgmq055-rabbitmq-master-2-797e1-0,10.148.132.125,8,16384,100,MIRROR_ALL,/var/log/rabbitmq,{'RABBITMQ': '3.7.4'},/var/lib/rabbitmq
872c756c-fc0a-4d15-928d-81607a080c80,djgmq055,ACTIVE,3,3,,sztzyjy,f6f67bd69dc54d54b84b2e7497e69e0a,hlw-海南省教育厅,E7601L02-V500R001B01D021_RC27,dbaas,f0127811-6d47-4b40-82c2-eb20d8347304,jst131-025,,True,0G,['10.148.132.0/25'],2025-10-24 09:02:05,10.148.132.8,rabbitmq,admin,1,False,MQS-NingOS-X86-MQS-1.6,NingOS,x86,HLW_HG4_Domain01,djgmq055-rabbitmq-core-1-ea1fa-0,10.148.132.43,8,16384,100,MIRROR_ALL,/var/log/rabbitmq,{'RABBITMQ': '3.7.4'},/var/lib/rabbitmq
ed2d9c17-f9c7-4470-a273-4cf5d23ec39e,djgmq054,ACTIVE,3,3,,sztzyjy,f6f67bd69dc54d54b84b2e7497e69e0a,hlw-海南省教育厅,E7601L02-V500R001B01D021_RC27,dbaas,f0127811-6d47-4b40-82c2-eb20d8347304,jst131-025,,True,0G,['10.148.132.0/25'],2025-10-24 09:01:42,10.148.132.7,rabbitmq,admin,1,False,MQS-NingOS-X86-MQS-1.6,NingOS,x86,HLW_HG4_Domain01,djgmq054-rabbitmq-master-1-38d46-0,10.148.132.49,8,16384,100,MIRROR_ALL,/var/log/rabbitmq,{'RABBITMQ': '3.7.4'},/var/lib/rabbitmq
ed2d9c17-f9c7-4470-a273-4cf5d23ec39e,djgmq054,ACTIVE,3,3,,sztzyjy,f6f67bd69dc54d54b84b2e7497e69e0a,hlw-海南省教育厅,E7601L02-V500R001B01D021_RC27,dbaas,f0127811-6d47-4b40-82c2-eb20d8347304,jst131-025,,True,0G,['10.148.132.0/25'],2025-10-24 09:01:42,10.148.132.7,rabbitmq,admin,1,False,MQS-NingOS-X86-MQS-1.6,NingOS,x86,HLW_HG4_Domain01,djgmq054-rabbitmq-master-2-57684-0,10.148.132.54,8,16384,100,MIRROR_ALL,/var/log/rabbitmq,{'RABBITMQ': '3.7.4'},/var/lib/rabbitmq
ed2d9c17-f9c7-4470-a273-4cf5d23ec39e,djgmq054,ACTIVE,3,3,,sztzyjy,f6f67bd69dc54d54b84b2e7497e69e0a,hlw-海南省教育厅,E7601L02-V500R001B01D021_RC27,dbaas,f0127811-6d47-4b40-82c2-eb20d8347304,jst131-025,,True,0G,['10.148.132.0/25'],2025-10-24 09:01:42,10.148.132.7,rabbitmq,admin,1,False,MQS-NingOS-X86-MQS-1.6,NingOS,x86,HLW_HG4_Domain01,djgmq054-rabbitmq-core-1-dfbe2-0,10.148.132.64,8,16384,100,MIRROR_ALL,/var/log/rabbitmq,{'RABBITMQ': '3.7.4'},/var/lib/rabbitmq
8087700c-1886-44bc-8049-d03cf827e2a1,djgmq051,ACTIVE,3,3,,sztzyjy,f6f67bd69dc54d54b84b2e7497e69e0a,hlw-海南省教育厅,E7601L02-V500R001B01D021_RC27,dbaas,f0127811-6d47-4b40-82c2-eb20d8347304,jst131-025,,True,0G,['10.148.132.0/25'],2025-10-23 18:33:54,10.148.132.6,rabbitmq,admin,1,False,MQS-NingOS-X86-MQS-1.6,NingOS,x86,HLW_HG4_Domain01,djgmq051-rabbitmq-core-1-2a1c6-0,10.148.132.24,8,16384,100,MIRROR_ALL,/var/log/rabbitmq,{'RABBITMQ': '3.7.4'},/var/lib/rabbitmq
8087700c-1886-44bc-8049-d03cf827e2a1,djgmq051,ACTIVE,3,3,,sztzyjy,f6f67bd69dc54d54b84b2e7497e69e0a,hlw-海南省教育厅,E7601L02-V500R001B01D021_RC27,dbaas,f0127811-6d47-4b40-82c2-eb20d8347304,jst131-025,,True,0G,['10.148.132.0/25'],2025-10-23 18:33:54,10.148.132.6,rabbitmq,admin,1,False,MQS-NingOS-X86-MQS-1.6,NingOS,x86,HLW_HG4_Domain01,djgmq051-rabbitmq-master-2-9ac85-0,10.148.132.28,8,16384,100,MIRROR_ALL,/var/log/rabbitmq,{'RABBITMQ': '3.7.4'},/var/lib/rabbitmq
8087700c-1886-44bc-8049-d03cf827e2a1,djgmq051,ACTIVE,3,3,,sztzyjy,f6f67bd69dc54d54b84b2e7497e69e0a,hlw-海南省教育厅,E7601L02-V500R001B01D021_RC27,dbaas,f0127811-6d47-4b40-82c2-eb20d8347304,jst131-025,,True,0G,['10.148.132.0/25'],2025-10-23 18:33:54,10.148.132.6,rabbitmq,admin,1,False,MQS-NingOS-X86-MQS-1.6,NingOS,x86,HLW_HG4_Domain01,djgmq051-rabbitmq-master-1-5e11d-0,10.148.132.30,8,16384,100,MIRROR_ALL,/var/log/rabbitmq,{'RABBITMQ': '3.7.4'},/var/lib/rabbitmq
6fba0798-bc22-479a-88e4-ed8544d4c01d,djgmq047,ACTIVE,3,3,,sztzyjy,f6f67bd69dc54d54b84b2e7497e69e0a,hlw-海南省教育厅,E7601L02-V500R001B01D021_RC27,dbaas,f0127811-6d47-4b40-82c2-eb20d8347304,jst131-025,,True,0G,['10.148.132.0/25'],2025-10-23 18:17:18,10.148.132.4,rabbitmq,admin,1,False,MQS-NingOS-X86-MQS-1.6,NingOS,x86,HLW_HG4_Domain01,djgmq047-rabbitmq-master-1-3365e-0,10.148.132.69,8,16384,100,MIRROR_ALL,/var/log/rabbitmq,{'RABBITMQ': '3.7.4'},/var/lib/rabbitmq
6fba0798-bc22-479a-88e4-ed8544d4c01d,djgmq047,ACTIVE,3,3,,sztzyjy,f6f67bd69dc54d54b84b2e7497e69e0a,hlw-海南省教育厅,E7601L02-V500R001B01D021_RC27,dbaas,f0127811-6d47-4b40-82c2-eb20d8347304,jst131-025,,True,0G,['10.148.132.0/25'],2025-10-23 18:17:18,10.148.132.4,rabbitmq,admin,1,False,MQS-NingOS-X86-MQS-1.6,NingOS,x86,HLW_HG4_Domain01,djgmq047-rabbitmq-master-2-ba7fe-0,10.148.132.34,8,16384,100,MIRROR_ALL,/var/log/rabbitmq,{'RABBITMQ': '3.7.4'},/var/lib/rabbitmq
6fba0798-bc22-479a-88e4-ed8544d4c01d,djgmq047,ACTIVE,3,3,,sztzyjy,f6f67bd69dc54d54b84b2e7497e69e0a,hlw-海南省教育厅,E7601L02-V500R001B01D021_RC27,dbaas,f0127811-6d47-4b40-82c2-eb20d8347304,jst131-025,,True,0G,['10.148.132.0/25'],2025-10-23 18:17:18,10.148.132.4,rabbitmq,admin,1,False,MQS-NingOS-X86-MQS-1.6,NingOS,x86,HLW_HG4_Domain01,djgmq047-rabbitmq-core-1-5db27-0,10.148.132.103,8,16384,100,MIRROR_ALL,/var/log/rabbitmq,{'RABBITMQ': '3.7.4'},/var/lib/rabbitmq
8ed920d6-5edc-4b79-b151-47410c90934c,djgmq046,ACTIVE,3,3,,sztzyjy,f6f67bd69dc54d54b84b2e7497e69e0a,hlw-海南省教育厅,E7601L02-V500R001B01D021_RC27,dbaas,f0127811-6d47-4b40-82c2-eb20d8347304,jst131-025,,True,0G,['10.148.132.0/25'],2025-10-23 18:02:09,10.148.132.3,rabbitmq,admin,1,False,MQS-NingOS-X86-MQS-1.6,NingOS,x86,HLW_HG4_Domain01,djgmq046-rabbitmq-core-1-da9bf-0,10.148.132.96,8,16384,100,MIRROR_ALL,/var/log/rabbitmq,{'RABBITMQ': '3.7.4'},/var/lib/rabbitmq
8ed920d6-5edc-4b79-b151-47410c90934c,djgmq046,ACTIVE,3,3,,sztzyjy,f6f67bd69dc54d54b84b2e7497e69e0a,hlw-海南省教育厅,E7601L02-V500R001B01D021_RC27,dbaas,f0127811-6d47-4b40-82c2-eb20d8347304,jst131-025,,True,0G,['10.148.132.0/25'],2025-10-23 18:02:09,10.148.132.3,rabbitmq,admin,1,False,MQS-NingOS-X86-MQS-1.6,NingOS,x86,HLW_HG4_Domain01,djgmq046-rabbitmq-master-1-4dd36-0,10.148.132.9,8,16384,100,MIRROR_ALL,/var/log/rabbitmq,{'RABBITMQ': '3.7.4'},/var/lib/rabbitmq
8ed920d6-5edc-4b79-b151-47410c90934c,djgmq046,ACTIVE,3,3,,sztzyjy,f6f67bd69dc54d54b84b2e7497e69e0a,hlw-海南省教育厅,E7601L02-V500R001B01D021_RC27,dbaas,f0127811-6d47-4b40-82c2-eb20d8347304,jst131-025,,True,0G,['10.148.132.0/25'],2025-10-23 18:02:09,10.148.132.3,rabbitmq,admin,1,False,MQS-NingOS-X86-MQS-1.6,NingOS,x86,HLW_HG4_Domain01,djgmq046-rabbitmq-master-2-ec877-0,10.148.132.55,8,16384,100,MIRROR_ALL,/var/log/rabbitmq,{'RABBITMQ': '3.7.4'},/var/lib/rabbitmq
8c53337e-060f-4c90-adf9-68cfd31da7f2,djqmg049,ACTIVE,3,3,,sztzyjy,f6f67bd69dc54d54b84b2e7497e69e0a,hlw-海南省教育厅,E7601L02-V500R001B01D021_RC27,dbaas,6fee0416-6e3d-45b6-9a71-42a4ab1e9a4f,jyt-131-0-24,,True,0G,['10.148.131.0/24'],2025-10-22 18:35:49,10.148.131.160,rabbitmq,admin,1,False,MQS-NingOS-X86-MQS-1.6,NingOS,x86,HLW_HG4_Domain01,djqmg049-rabbitmq-master-1-0ed31-0,10.148.131.163,8,16384,100,MIRROR_ALL,/var/log/rabbitmq,{'RABBITMQ': '3.7.4'},/var/lib/rabbitmq
8c53337e-060f-4c90-adf9-68cfd31da7f2,djqmg049,ACTIVE,3,3,,sztzyjy,f6f67bd69dc54d54b84b2e7497e69e0a,hlw-海南省教育厅,E7601L02-V500R001B01D021_RC27,dbaas,6fee0416-6e3d-45b6-9a71-42a4ab1e9a4f,jyt-131-0-24,,True,0G,['10.148.131.0/24'],2025-10-22 18:35:49,10.148.131.160,rabbitmq,admin,1,False,MQS-NingOS-X86-MQS-1.6,NingOS,x86,HLW_HG4_Domain01,djqmg049-rabbitmq-master-2-3ddae-0,10.148.131.164,8,16384,100,MIRROR_ALL,/var/log/rabbitmq,{'RABBITMQ': '3.7.4'},/var/lib/rabbitmq
8c53337e-060f-4c90-adf9-68cfd31da7f2,djqmg049,ACTIVE,3,3,,sztzyjy,f6f67bd69dc54d54b84b2e7497e69e0a,hlw-海南省教育厅,E7601L02-V500R001B01D021_RC27,dbaas,6fee0416-6e3d-45b6-9a71-42a4ab1e9a4f,jyt-131-0-24,,True,0G,['10.148.131.0/24'],2025-10-22 18:35:49,10.148.131.160,rabbitmq,admin,1,False,MQS-NingOS-X86-MQS-1.6,NingOS,x86,HLW_HG4_Domain01,djqmg049-rabbitmq-core-1-607f1-0,10.148.131.169,8,16384,100,MIRROR_ALL,/var/log/rabbitmq,{'RABBITMQ': '3.7.4'},/var/lib/rabbitmq
38e85a7d-226c-4b1d-9de5-9da57d2373b1,djgmq053,ACTIVE,3,3,,sztzyjy,f6f67bd69dc54d54b84b2e7497e69e0a,hlw-海南省教育厅,E7601L02-V500R001B01D021_RC27,dbaas,f0127811-6d47-4b40-82c2-eb20d8347304,jst131-025,,True,0G,['10.148.132.0/25'],2025-10-22 17:46:25,10.148.132.2,rabbitmq,admin,1,False,MQS-NingOS-X86-MQS-1.6,NingOS,x86,HLW_HG4_Domain01,djgmq053-rabbitmq-master-2-273e4-0,10.148.132.59,8,16384,100,MIRROR_ALL,/var/log/rabbitmq,{'RABBITMQ': '3.7.4'},/var/lib/rabbitmq
38e85a7d-226c-4b1d-9de5-9da57d2373b1,djgmq053,ACTIVE,3,3,,sztzyjy,f6f67bd69dc54d54b84b2e7497e69e0a,hlw-海南省教育厅,E7601L02-V500R001B01D021_RC27,dbaas,f0127811-6d47-4b40-82c2-eb20d8347304,jst131-025,,True,0G,['10.148.132.0/25'],2025-10-22 17:46:25,10.148.132.2,rabbitmq,admin,1,False,MQS-NingOS-X86-MQS-1.6,NingOS,x86,HLW_HG4_Domain01,djgmq053-rabbitmq-core-1-72020-0,10.148.132.126,8,16384,100,MIRROR_ALL,/var/log/rabbitmq,{'RABBITMQ': '3.7.4'},/var/lib/rabbitmq
38e85a7d-226c-4b1d-9de5-9da57d2373b1,djgmq053,ACTIVE,3,3,,sztzyjy,f6f67bd69dc54d54b84b2e7497e69e0a,hlw-海南省教育厅,E7601L02-V500R001B01D021_RC27,dbaas,f0127811-6d47-4b40-82c2-eb20d8347304,jst131-025,,True,0G,['10.148.132.0/25'],2025-10-22 17:46:25,10.148.132.2,rabbitmq,admin,1,False,MQS-NingOS-X86-MQS-1.6,NingOS,x86,HLW_HG4_Domain01,djgmq053-rabbitmq-master-1-16fb7-0,10.148.132.121,8,16384,100,MIRROR_ALL,/var/log/rabbitmq,{'RABBITMQ': '3.7.4'},/var/lib/rabbitmq
c956d35c-2f43-491d-9a85-ca7ff0397352,djgmq048,ACTIVE,3,3,,sztzyjy,f6f67bd69dc54d54b84b2e7497e69e0a,hlw-海南省教育厅,E7601L02-V500R001B01D021_RC27,dbaas,6fee0416-6e3d-45b6-9a71-42a4ab1e9a4f,jyt-131-0-24,,True,0G,['10.148.131.0/24'],2025-10-22 17:27:45,10.148.131.120,rabbitmq,admin,1,False,MQS-NingOS-X86-MQS-1.6,NingOS,x86,HLW_HG4_Domain01,djgmq048-rabbitmq-master-1-f4fe4-0,10.148.131.125,8,16384,100,MIRROR_ALL,/var/log/rabbitmq,{'RABBITMQ': '3.7.4'},/var/lib/rabbitmq
c956d35c-2f43-491d-9a85-ca7ff0397352,djgmq048,ACTIVE,3,3,,sztzyjy,f6f67bd69dc54d54b84b2e7497e69e0a,hlw-海南省教育厅,E7601L02-V500R001B01D021_RC27,dbaas,6fee0416-6e3d-45b6-9a71-42a4ab1e9a4f,jyt-131-0-24,,True,0G,['10.148.131.0/24'],2025-10-22 17:27:45,10.148.131.120,rabbitmq,admin,1,False,MQS-NingOS-X86-MQS-1.6,NingOS,x86,HLW_HG4_Domain01,djgmq048-rabbitmq-master-2-15e18-0,10.148.131.132,8,16384,100,MIRROR_ALL,/var/log/rabbitmq,{'RABBITMQ': '3.7.4'},/var/lib/rabbitmq
c956d35c-2f43-491d-9a85-ca7ff0397352,djgmq048,ACTIVE,3,3,,sztzyjy,f6f67bd69dc54d54b84b2e7497e69e0a,hlw-海南省教育厅,E7601L02-V500R001B01D021_RC27,dbaas,6fee0416-6e3d-45b6-9a71-42a4ab1e9a4f,jyt-131-0-24,,True,0G,['10.148.131.0/24'],2025-10-22 17:27:45,10.148.131.120,rabbitmq,admin,1,False,MQS-NingOS-X86-MQS-1.6,NingOS,x86,HLW_HG4_Domain01,djgmq048-rabbitmq-core-1-3c725-0,10.148.131.138,8,16384,100,MIRROR_ALL,/var/log/rabbitmq,{'RABBITMQ': '3.7.4'},/var/lib/rabbitmq
df243f3d-773e-4536-bb67-e2675c20cd68,djgmq044,ACTIVE,3,3,,sztzyjy,f6f67bd69dc54d54b84b2e7497e69e0a,hlw-海南省教育厅,E7601L02-V500R001B01D021_RC27,dbaas,6fee0416-6e3d-45b6-9a71-42a4ab1e9a4f,jyt-131-0-24,,True,0G,['10.148.131.0/24'],2025-10-22 11:15:47,10.148.131.111,rabbitmq,admin,1,False,MQS-NingOS-X86-MQS-1.6,NingOS,x86,HLW_HG4_Domain01,djgmq044-rabbitmq-master-1-8b2eb-0,10.148.131.107,8,16384,100,MIRROR_ALL,/var/log/rabbitmq,{'RABBITMQ': '3.7.4'},/var/lib/rabbitmq
df243f3d-773e-4536-bb67-e2675c20cd68,djgmq044,ACTIVE,3,3,,sztzyjy,f6f67bd69dc54d54b84b2e7497e69e0a,hlw-海南省教育厅,E7601L02-V500R001B01D021_RC27,dbaas,6fee0416-6e3d-45b6-9a71-42a4ab1e9a4f,jyt-131-0-24,,True,0G,['10.148.131.0/24'],2025-10-22 11:15:47,10.148.131.111,rabbitmq,admin,1,False,MQS-NingOS-X86-MQS-1.6,NingOS,x86,HLW_HG4_Domain01,djgmq044-rabbitmq-master-2-1a6e1-0,10.148.131.108,8,16384,100,MIRROR_ALL,/var/log/rabbitmq,{'RABBITMQ': '3.7.4'},/var/lib/rabbitmq
df243f3d-773e-4536-bb67-e2675c20cd68,djgmq044,ACTIVE,3,3,,sztzyjy,f6f67bd69dc54d54b84b2e7497e69e0a,hlw-海南省教育厅,E7601L02-V500R001B01D021_RC27,dbaas,6fee0416-6e3d-45b6-9a71-42a4ab1e9a4f,jyt-131-0-24,,True,0G,['10.148.131.0/24'],2025-10-22 11:15:47,10.148.131.111,rabbitmq,admin,1,False,MQS-NingOS-X86-MQS-1.6,NingOS,x86,HLW_HG4_Domain01,djgmq044-rabbitmq-core-1-8a0b9-0,10.148.131.109,8,16384,100,MIRROR_ALL,/var/log/rabbitmq,{'RABBITMQ': '3.7.4'},/var/lib/rabbitmq
81adc828-e00b-4761-bd13-c0db4627be0b,djgmq045,ACTIVE,3,3,,sztzyjy,f6f67bd69dc54d54b84b2e7497e69e0a,hlw-海南省教育厅,E7601L02-V500R001B01D021_RC27,dbaas,6fee0416-6e3d-45b6-9a71-42a4ab1e9a4f,jyt-131-0-24,,True,0G,['10.148.131.0/24'],2025-10-22 09:03:58,10.148.131.100,rabbitmq,admin,1,False,MQS-NingOS-X86-MQS-1.6,NingOS,x86,HLW_HG4_Domain01,djgmq045-rabbitmq-master-1-a9f65-0,10.148.131.146,8,16384,100,MIRROR_ALL,/var/log/rabbitmq,{'RABBITMQ': '3.7.4'},/var/lib/rabbitmq
81adc828-e00b-4761-bd13-c0db4627be0b,djgmq045,ACTIVE,3,3,,sztzyjy,f6f67bd69dc54d54b84b2e7497e69e0a,hlw-海南省教育厅,E7601L02-V500R001B01D021_RC27,dbaas,6fee0416-6e3d-45b6-9a71-42a4ab1e9a4f,jyt-131-0-24,,True,0G,['10.148.131.0/24'],2025-10-22 09:03:58,10.148.131.100,rabbitmq,admin,1,False,MQS-NingOS-X86-MQS-1.6,NingOS,x86,HLW_HG4_Domain01,djgmq045-rabbitmq-master-2-b920c-0,10.148.131.161,8,16384,100,MIRROR_ALL,/var/log/rabbitmq,{'RABBITMQ': '3.7.4'},/var/lib/rabbitmq
81adc828-e00b-4761-bd13-c0db4627be0b,djgmq045,ACTIVE,3,3,,sztzyjy,f6f67bd69dc54d54b84b2e7497e69e0a,hlw-海南省教育厅,E7601L02-V500R001B01D021_RC27,dbaas,6fee0416-6e3d-45b6-9a71-42a4ab1e9a4f,jyt-131-0-24,,True,0G,['10.148.131.0/24'],2025-10-22 09:03:58,10.148.131.100,rabbitmq,admin,1,False,MQS-NingOS-X86-MQS-1.6,NingOS,x86,HLW_HG4_Domain01,djgmq045-rabbitmq-core-1-1b550-0,10.148.131.252,8,16384,100,MIRROR_ALL,/var/log/rabbitmq,{'RABBITMQ': '3.7.4'},/var/lib/rabbitmq
1b308be1-875a-4322-b590-a4368f00883e,djgmq043,ACTIVE,3,3,,sztzyjy,f6f67bd69dc54d54b84b2e7497e69e0a,hlw-海南省教育厅,E7601L02-V500R001B01D021_RC27,dbaas,6fee0416-6e3d-45b6-9a71-42a4ab1e9a4f,jyt-131-0-24,,True,0G,['10.148.131.0/24'],2025-10-21 21:00:09,10.148.131.98,rabbitmq,admin,1,False,MQS-NingOS-X86-MQS-1.6,NingOS,x86,HLW_HG4_Domain01,djgmq043-rabbitmq-master-1-fc5c6-0,10.148.131.239,8,16384,100,MIRROR_ALL,/var/log/rabbitmq,{'RABBITMQ': '3.7.4'},/var/lib/rabbitmq
1b308be1-875a-4322-b590-a4368f00883e,djgmq043,ACTIVE,3,3,,sztzyjy,f6f67bd69dc54d54b84b2e7497e69e0a,hlw-海南省教育厅,E7601L02-V500R001B01D021_RC27,dbaas,6fee0416-6e3d-45b6-9a71-42a4ab1e9a4f,jyt-131-0-24,,True,0G,['10.148.131.0/24'],2025-10-21 21:00:09,10.148.131.98,rabbitmq,admin,1,False,MQS-NingOS-X86-MQS-1.6,NingOS,x86,HLW_HG4_Domain01,djgmq043-rabbitmq-master-2-f11c9-0,10.148.131.134,8,16384,100,MIRROR_ALL,/var/log/rabbitmq,{'RABBITMQ': '3.7.4'},/var/lib/rabbitmq
1b308be1-875a-4322-b590-a4368f00883e,djgmq043,ACTIVE,3,3,,sztzyjy,f6f67bd69dc54d54b84b2e7497e69e0a,hlw-海南省教育厅,E7601L02-V500R001B01D021_RC27,dbaas,6fee0416-6e3d-45b6-9a71-42a4ab1e9a4f,jyt-131-0-24,,True,0G,['10.148.131.0/24'],2025-10-21 21:00:09,10.148.131.98,rabbitmq,admin,1,False,MQS-NingOS-X86-MQS-1.6,NingOS,x86,HLW_HG4_Domain01,djgmq043-rabbitmq-core-1-2bd59-0,10.148.131.214,8,16384,100,MIRROR_ALL,/var/log/rabbitmq,{'RABBITMQ': '3.7.4'},/var/lib/rabbitmq
986418d1-24f9-4cef-a73f-1bb6ce823a53,djgmq042,ACTIVE,3,3,,sztzyjy,f6f67bd69dc54d54b84b2e7497e69e0a,hlw-海南省教育厅,E7601L02-V500R001B01D021_RC27,dbaas,6fee0416-6e3d-45b6-9a71-42a4ab1e9a4f,jyt-131-0-24,,True,0G,['10.148.131.0/24'],2025-10-21 20:44:23,10.148.131.96,rabbitmq,admin,1,False,MQS-NingOS-X86-MQS-1.6,NingOS,x86,HLW_HG4_Domain01,djgmq042-rabbitmq-master-1-9a57c-0,10.148.131.150,8,16384,100,MIRROR_ALL,/var/log/rabbitmq,{'RABBITMQ': '3.7.4'},/var/lib/rabbitmq
986418d1-24f9-4cef-a73f-1bb6ce823a53,djgmq042,ACTIVE,3,3,,sztzyjy,f6f67bd69dc54d54b84b2e7497e69e0a,hlw-海南省教育厅,E7601L02-V500R001B01D021_RC27,dbaas,6fee0416-6e3d-45b6-9a71-42a4ab1e9a4f,jyt-131-0-24,,True,0G,['10.148.131.0/24'],2025-10-21 20:44:23,10.148.131.96,rabbitmq,admin,1,False,MQS-NingOS-X86-MQS-1.6,NingOS,x86,HLW_HG4_Domain01,djgmq042-rabbitmq-master-2-61b93-0,10.148.131.192,8,16384,100,MIRROR_ALL,/var/log/rabbitmq,{'RABBITMQ': '3.7.4'},/var/lib/rabbitmq
986418d1-24f9-4cef-a73f-1bb6ce823a53,djgmq042,ACTIVE,3,3,,sztzyjy,f6f67bd69dc54d54b84b2e7497e69e0a,hlw-海南省教育厅,E7601L02-V500R001B01D021_RC27,dbaas,6fee0416-6e3d-45b6-9a71-42a4ab1e9a4f,jyt-131-0-24,,True,0G,['10.148.131.0/24'],2025-10-21 20:44:23,10.148.131.96,rabbitmq,admin,1,False,MQS-NingOS-X86-MQS-1.6,NingOS,x86,HLW_HG4_Domain01,djgmq042-rabbitmq-core-1-012e5-0,10.148.131.195,8,16384,100,MIRROR_ALL,/var/log/rabbitmq,{'RABBITMQ': '3.7.4'},/var/lib/rabbitmq
11b8fb6e-c442-4345-a440-b27a86eb3adf,djgmq039,ACTIVE,3,3,,sztzyjy,f6f67bd69dc54d54b84b2e7497e69e0a,hlw-海南省教育厅,E7601L02-V500R001B01D021_RC27,dbaas,6fee0416-6e3d-45b6-9a71-42a4ab1e9a4f,jyt-131-0-24,,True,0G,['10.148.131.0/24'],2025-10-21 20:44:00,10.148.131.95,rabbitmq,admin,1,False,MQS-NingOS-X86-MQS-1.6,NingOS,x86,HLW_HG4_Domain01,djgmq039-rabbitmq-core-1-1e97a-0,10.148.131.230,8,16384,100,MIRROR_ALL,/var/log/rabbitmq,{'RABBITMQ': '3.7.4'},/var/lib/rabbitmq
11b8fb6e-c442-4345-a440-b27a86eb3adf,djgmq039,ACTIVE,3,3,,sztzyjy,f6f67bd69dc54d54b84b2e7497e69e0a,hlw-海南省教育厅,E7601L02-V500R001B01D021_RC27,dbaas,6fee0416-6e3d-45b6-9a71-42a4ab1e9a4f,jyt-131-0-24,,True,0G,['10.148.131.0/24'],2025-10-21 20:44:00,10.148.131.95,rabbitmq,admin,1,False,MQS-NingOS-X86-MQS-1.6,NingOS,x86,HLW_HG4_Domain01,djgmq039-rabbitmq-master-1-e2bc6-0,10.148.131.216,8,16384,100,MIRROR_ALL,/var/log/rabbitmq,{'RABBITMQ': '3.7.4'},/var/lib/rabbitmq
11b8fb6e-c442-4345-a440-b27a86eb3adf,djgmq039,ACTIVE,3,3,,sztzyjy,f6f67bd69dc54d54b84b2e7497e69e0a,hlw-海南省教育厅,E7601L02-V500R001B01D021_RC27,dbaas,6fee0416-6e3d-45b6-9a71-42a4ab1e9a4f,jyt-131-0-24,,True,0G,['10.148.131.0/24'],2025-10-21 20:44:00,10.148.131.95,rabbitmq,admin,1,False,MQS-NingOS-X86-MQS-1.6,NingOS,x86,HLW_HG4_Domain01,djgmq039-rabbitmq-master-2-da855-0,10.148.131.97,8,16384,100,MIRROR_ALL,/var/log/rabbitmq,{'RABBITMQ': '3.7.4'},/var/lib/rabbitmq
21233adf-08e0-4e1d-bc25-70489da07e93,djgmq041,ACTIVE,3,3,,sztzyjy,f6f67bd69dc54d54b84b2e7497e69e0a,hlw-海南省教育厅,E7601L02-V500R001B01D021_RC27,dbaas,6fee0416-6e3d-45b6-9a71-42a4ab1e9a4f,jyt-131-0-24,,True,0G,['10.148.131.0/24'],2025-10-21 20:29:43,10.148.131.93,rabbitmq,admin,1,False,MQS-NingOS-X86-MQS-1.6,NingOS,x86,HLW_HG4_Domain01,djgmq041-rabbitmq-core-1-509fe-0,10.148.131.201,8,16384,100,MIRROR_ALL,/var/log/rabbitmq,{'RABBITMQ': '3.7.4'},/var/lib/rabbitmq
21233adf-08e0-4e1d-bc25-70489da07e93,djgmq041,ACTIVE,3,3,,sztzyjy,f6f67bd69dc54d54b84b2e7497e69e0a,hlw-海南省教育厅,E7601L02-V500R001B01D021_RC27,dbaas,6fee0416-6e3d-45b6-9a71-42a4ab1e9a4f,jyt-131-0-24,,True,0G,['10.148.131.0/24'],2025-10-21 20:29:43,10.148.131.93,rabbitmq,admin,1,False,MQS-NingOS-X86-MQS-1.6,NingOS,x86,HLW_HG4_Domain01,djgmq041-rabbitmq-master-1-b9f2e-0,10.148.131.171,8,16384,100,MIRROR_ALL,/var/log/rabbitmq,{'RABBITMQ': '3.7.4'},/var/lib/rabbitmq
21233adf-08e0-4e1d-bc25-70489da07e93,djgmq041,ACTIVE,3,3,,sztzyjy,f6f67bd69dc54d54b84b2e7497e69e0a,hlw-海南省教育厅,E7601L02-V500R001B01D021_RC27,dbaas,6fee0416-6e3d-45b6-9a71-42a4ab1e9a4f,jyt-131-0-24,,True,0G,['10.148.131.0/24'],2025-10-21 20:29:43,10.148.131.93,rabbitmq,admin,1,False,MQS-NingOS-X86-MQS-1.6,NingOS,x86,HLW_HG4_Domain01,djgmq041-rabbitmq-master-2-b1a33-0,10.148.131.154,8,16384,100,MIRROR_ALL,/var/log/rabbitmq,{'RABBITMQ': '3.7.4'},/var/lib/rabbitmq
ae3c4389-8e1f-4504-813e-3fe30d835647,djgmq040,ACTIVE,3,3,,sztzyjy,f6f67bd69dc54d54b84b2e7497e69e0a,hlw-海南省教育厅,E7601L02-V500R001B01D021_RC27,dbaas,6fee0416-6e3d-45b6-9a71-42a4ab1e9a4f,jyt-131-0-24,,True,0G,['10.148.131.0/24'],2025-10-21 20:29:21,10.148.131.89,rabbitmq,admin,1,False,MQS-NingOS-X86-MQS-1.6,NingOS,x86,HLW_HG4_Domain01,djgmq040-rabbitmq-core-1-50a08-0,10.148.131.168,8,16384,100,MIRROR_ALL,/var/log/rabbitmq,{'RABBITMQ': '3.7.4'},/var/lib/rabbitmq
ae3c4389-8e1f-4504-813e-3fe30d835647,djgmq040,ACTIVE,3,3,,sztzyjy,f6f67bd69dc54d54b84b2e7497e69e0a,hlw-海南省教育厅,E7601L02-V500R001B01D021_RC27,dbaas,6fee0416-6e3d-45b6-9a71-42a4ab1e9a4f,jyt-131-0-24,,True,0G,['10.148.131.0/24'],2025-10-21 20:29:21,10.148.131.89,rabbitmq,admin,1,False,MQS-NingOS-X86-MQS-1.6,NingOS,x86,HLW_HG4_Domain01,djgmq040-rabbitmq-master-1-69b35-0,10.148.131.129,8,16384,100,MIRROR_ALL,/var/log/rabbitmq,{'RABBITMQ': '3.7.4'},/var/lib/rabbitmq
ae3c4389-8e1f-4504-813e-3fe30d835647,djgmq040,ACTIVE,3,3,,sztzyjy,f6f67bd69dc54d54b84b2e7497e69e0a,hlw-海南省教育厅,E7601L02-V500R001B01D021_RC27,dbaas,6fee0416-6e3d-45b6-9a71-42a4ab1e9a4f,jyt-131-0-24,,True,0G,['10.148.131.0/24'],2025-10-21 20:29:21,10.148.131.89,rabbitmq,admin,1,False,MQS-NingOS-X86-MQS-1.6,NingOS,x86,HLW_HG4_Domain01,djgmq040-rabbitmq-master-2-91678-0,10.148.131.128,8,16384,100,MIRROR_ALL,/var/log/rabbitmq,{'RABBITMQ': '3.7.4'},/var/lib/rabbitmq
d4a755b5-1019-4242-953f-d229085feb56,djgmq037,ACTIVE,3,3,,sztzyjy,f6f67bd69dc54d54b84b2e7497e69e0a,hlw-海南省教育厅,E7601L02-V500R001B01D021_RC27,dbaas,6fee0416-6e3d-45b6-9a71-42a4ab1e9a4f,jyt-131-0-24,,True,0G,['10.148.131.0/24'],2025-10-21 20:13:09,10.148.131.81,rabbitmq,admin,1,False,MQS-NingOS-X86-MQS-1.6,NingOS,x86,HLW_HG4_Domain01,djgmq037-rabbitmq-master-1-fbdba-0,10.148.131.110,8,16384,100,MIRROR_ALL,/var/log/rabbitmq,{'RABBITMQ': '3.7.4'},/var/lib/rabbitmq
d4a755b5-1019-4242-953f-d229085feb56,djgmq037,ACTIVE,3,3,,sztzyjy,f6f67bd69dc54d54b84b2e7497e69e0a,hlw-海南省教育厅,E7601L02-V500R001B01D021_RC27,dbaas,6fee0416-6e3d-45b6-9a71-42a4ab1e9a4f,jyt-131-0-24,,True,0G,['10.148.131.0/24'],2025-10-21 20:13:09,10.148.131.81,rabbitmq,admin,1,False,MQS-NingOS-X86-MQS-1.6,NingOS,x86,HLW_HG4_Domain01,djgmq037-rabbitmq-core-1-e2f25-0,10.148.131.183,8,16384,100,MIRROR_ALL,/var/log/rabbitmq,{'RABBITMQ': '3.7.4'},/var/lib/rabbitmq
d4a755b5-1019-4242-953f-d229085feb56,djgmq037,ACTIVE,3,3,,sztzyjy,f6f67bd69dc54d54b84b2e7497e69e0a,hlw-海南省教育厅,E7601L02-V500R001B01D021_RC27,dbaas,6fee0416-6e3d-45b6-9a71-42a4ab1e9a4f,jyt-131-0-24,,True,0G,['10.148.131.0/24'],2025-10-21 20:13:09,10.148.131.81,rabbitmq,admin,1,False,MQS-NingOS-X86-MQS-1.6,NingOS,x86,HLW_HG4_Domain01,djgmq037-rabbitmq-master-2-a5198-0,10.148.131.228,8,16384,100,MIRROR_ALL,/var/log/rabbitmq,{'RABBITMQ': '3.7.4'},/var/lib/rabbitmq
0e6c980c-ee13-448c-ab98-02f87f0ded29,djgmq038,ACTIVE,3,3,,sztzyjy,f6f67bd69dc54d54b84b2e7497e69e0a,hlw-海南省教育厅,E7601L02-V500R001B01D021_RC27,dbaas,6fee0416-6e3d-45b6-9a71-42a4ab1e9a4f,jyt-131-0-24,,True,0G,['10.148.131.0/24'],2025-10-21 19:58:11,10.148.131.77,rabbitmq,admin,1,False,MQS-NingOS-X86-MQS-1.6,NingOS,x86,HLW_HG4_Domain01,djgmq038-rabbitmq-master-1-4c7aa-0,10.148.131.227,8,16384,100,,/var/log/rabbitmq,{'RABBITMQ': '3.7.4'},/var/lib/rabbitmq
0e6c980c-ee13-448c-ab98-02f87f0ded29,djgmq038,ACTIVE,3,3,,sztzyjy,f6f67bd69dc54d54b84b2e7497e69e0a,hlw-海南省教育厅,E7601L02-V500R001B01D021_RC27,dbaas,6fee0416-6e3d-45b6-9a71-42a4ab1e9a4f,jyt-131-0-24,,True,0G,['10.148.131.0/24'],2025-10-21 19:58:11,10.148.131.77,rabbitmq,admin,1,False,MQS-NingOS-X86-MQS-1.6,NingOS,x86,HLW_HG4_Domain01,djgmq038-rabbitmq-master-2-794f5-0,10.148.131.166,8,16384,100,,/var/log/rabbitmq,{'RABBITMQ': '3.7.4'},/var/lib/rabbitmq
0e6c980c-ee13-448c-ab98-02f87f0ded29,djgmq038,ACTIVE,3,3,,sztzyjy,f6f67bd69dc54d54b84b2e7497e69e0a,hlw-海南省教育厅,E7601L02-V500R001B01D021_RC27,dbaas,6fee0416-6e3d-45b6-9a71-42a4ab1e9a4f,jyt-131-0-24,,True,0G,['10.148.131.0/24'],2025-10-21 19:58:11,10.148.131.77,rabbitmq,admin,1,False,MQS-NingOS-X86-MQS-1.6,NingOS,x86,HLW_HG4_Domain01,djgmq038-rabbitmq-core-1-631ce-0,10.148.131.172,8,16384,100,,/var/log/rabbitmq,{'RABBITMQ': '3.7.4'},/var/lib/rabbitmq
aa9b8a9c-8f4e-495b-aa46-30579d21ad59,djgmq034,ACTIVE,3,3,,sztzyjy,f6f67bd69dc54d54b84b2e7497e69e0a,hlw-海南省教育厅,E7601L02-V500R001B01D021_RC27,dbaas,6fee0416-6e3d-45b6-9a71-42a4ab1e9a4f,jyt-131-0-24,,True,0G,['10.148.131.0/24'],2025-10-21 18:54:10,10.148.131.69,rabbitmq,admin,1,False,MQS-NingOS-X86-MQS-1.6,NingOS,x86,HLW_HG4_Domain01,djgmq034-rabbitmq-master-2-e2405-0,10.148.131.247,4,8192,100,MIRROR_ALL,/var/log/rabbitmq,{'RABBITMQ': '3.7.4'},/var/lib/rabbitmq
aa9b8a9c-8f4e-495b-aa46-30579d21ad59,djgmq034,ACTIVE,3,3,,sztzyjy,f6f67bd69dc54d54b84b2e7497e69e0a,hlw-海南省教育厅,E7601L02-V500R001B01D021_RC27,dbaas,6fee0416-6e3d-45b6-9a71-42a4ab1e9a4f,jyt-131-0-24,,True,0G,['10.148.131.0/24'],2025-10-21 18:54:10,10.148.131.69,rabbitmq,admin,1,False,MQS-NingOS-X86-MQS-1.6,NingOS,x86,HLW_HG4_Domain01,djgmq034-rabbitmq-master-1-8d761-0,10.148.131.210,4,8192,100,MIRROR_ALL,/var/log/rabbitmq,{'RABBITMQ': '3.7.4'},/var/lib/rabbitmq
aa9b8a9c-8f4e-495b-aa46-30579d21ad59,djgmq034,ACTIVE,3,3,,sztzyjy,f6f67bd69dc54d54b84b2e7497e69e0a,hlw-海南省教育厅,E7601L02-V500R001B01D021_RC27,dbaas,6fee0416-6e3d-45b6-9a71-42a4ab1e9a4f,jyt-131-0-24,,True,0G,['10.148.131.0/24'],2025-10-21 18:54:10,10.148.131.69,rabbitmq,admin,1,False,MQS-NingOS-X86-MQS-1.6,NingOS,x86,HLW_HG4_Domain01,djgmq034-rabbitmq-core-1-eb4f3-0,10.148.131.165,4,8192,100,MIRROR_ALL,/var/log/rabbitmq,{'RABBITMQ': '3.7.4'},/var/lib/rabbitmq
4b0248c5-4b15-4386-9529-c56eb675cbd7,djgmq035,ACTIVE,3,3,,sztzyjy,f6f67bd69dc54d54b84b2e7497e69e0a,hlw-海南省教育厅,E7601L02-V500R001B01D021_RC27,dbaas,6fee0416-6e3d-45b6-9a71-42a4ab1e9a4f,jyt-131-0-24,,True,0G,['10.148.131.0/24'],2025-10-21 18:30:23,10.148.131.67,rabbitmq,admin,1,False,MQS-NingOS-X86-MQS-1.6,NingOS,x86,HLW_HG4_Domain01,djgmq035-rabbitmq-master-2-9647c-0,10.148.131.177,4,8192,100,MIRROR_ALL,/var/log/rabbitmq,{'RABBITMQ': '3.7.4'},/var/lib/rabbitmq
4b0248c5-4b15-4386-9529-c56eb675cbd7,djgmq035,ACTIVE,3,3,,sztzyjy,f6f67bd69dc54d54b84b2e7497e69e0a,hlw-海南省教育厅,E7601L02-V500R001B01D021_RC27,dbaas,6fee0416-6e3d-45b6-9a71-42a4ab1e9a4f,jyt-131-0-24,,True,0G,['10.148.131.0/24'],2025-10-21 18:30:23,10.148.131.67,rabbitmq,admin,1,False,MQS-NingOS-X86-MQS-1.6,NingOS,x86,HLW_HG4_Domain01,djgmq035-rabbitmq-core-1-2373c-0,10.148.131.238,4,8192,100,MIRROR_ALL,/var/log/rabbitmq,{'RABBITMQ': '3.7.4'},/var/lib/rabbitmq
4b0248c5-4b15-4386-9529-c56eb675cbd7,djgmq035,ACTIVE,3,3,,sztzyjy,f6f67bd69dc54d54b84b2e7497e69e0a,hlw-海南省教育厅,E7601L02-V500R001B01D021_RC27,dbaas,6fee0416-6e3d-45b6-9a71-42a4ab1e9a4f,jyt-131-0-24,,True,0G,['10.148.131.0/24'],2025-10-21 18:30:23,10.148.131.67,rabbitmq,admin,1,False,MQS-NingOS-X86-MQS-1.6,NingOS,x86,HLW_HG4_Domain01,djgmq035-rabbitmq-master-1-ee1ef-0,10.148.131.74,4,8192,100,MIRROR_ALL,/var/log/rabbitmq,{'RABBITMQ': '3.7.4'},/var/lib/rabbitmq
a75d92c3-474b-4fe4-b907-274590e3ca5f,djgmq033,ACTIVE,3,3,,sztzyjy,f6f67bd69dc54d54b84b2e7497e69e0a,hlw-海南省教育厅,E7601L02-V500R001B01D021_RC27,dbaas,6fee0416-6e3d-45b6-9a71-42a4ab1e9a4f,jyt-131-0-24,,True,0G,['10.148.131.0/24'],2025-10-21 18:12:03,10.148.131.62,rabbitmq,admin,1,False,MQS-NingOS-X86-MQS-1.6,NingOS,x86,HLW_HG4_Domain01,djgmq033-rabbitmq-master-2-2a7fe-0,10.148.131.68,4,8192,100,MIRROR_ALL,/var/log/rabbitmq,{'RABBITMQ': '3.7.4'},/var/lib/rabbitmq
a75d92c3-474b-4fe4-b907-274590e3ca5f,djgmq033,ACTIVE,3,3,,sztzyjy,f6f67bd69dc54d54b84b2e7497e69e0a,hlw-海南省教育厅,E7601L02-V500R001B01D021_RC27,dbaas,6fee0416-6e3d-45b6-9a71-42a4ab1e9a4f,jyt-131-0-24,,True,0G,['10.148.131.0/24'],2025-10-21 18:12:03,10.148.131.62,rabbitmq,admin,1,False,MQS-NingOS-X86-MQS-1.6,NingOS,x86,HLW_HG4_Domain01,djgmq033-rabbitmq-core-1-162c5-0,10.148.131.122,4,8192,100,MIRROR_ALL,/var/log/rabbitmq,{'RABBITMQ': '3.7.4'},/var/lib/rabbitmq
a75d92c3-474b-4fe4-b907-274590e3ca5f,djgmq033,ACTIVE,3,3,,sztzyjy,f6f67bd69dc54d54b84b2e7497e69e0a,hlw-海南省教育厅,E7601L02-V500R001B01D021_RC27,dbaas,6fee0416-6e3d-45b6-9a71-42a4ab1e9a4f,jyt-131-0-24,,True,0G,['10.148.131.0/24'],2025-10-21 18:12:03,10.148.131.62,rabbitmq,admin,1,False,MQS-NingOS-X86-MQS-1.6,NingOS,x86,HLW_HG4_Domain01,djgmq033-rabbitmq-master-1-c341a-0,10.148.131.219,4,8192,100,MIRROR_ALL,/var/log/rabbitmq,{'RABBITMQ': '3.7.4'},/var/lib/rabbitmq
e97d76b1-9b14-43ee-b288-cf1f48f31f2c,djgmq032,ACTIVE,3,3,,sztzyjy,f6f67bd69dc54d54b84b2e7497e69e0a,hlw-海南省教育厅,E7601L02-V500R001B01D021_RC27,dbaas,6fee0416-6e3d-45b6-9a71-42a4ab1e9a4f,jyt-131-0-24,,True,0G,['10.148.131.0/24'],2025-10-21 17:56:06,10.148.131.59,rabbitmq,admin,1,False,MQS-NingOS-X86-MQS-1.6,NingOS,x86,HLW_HG4_Domain01,djgmq032-rabbitmq-core-1-f8920-0,10.148.131.76,4,8192,100,MIRROR_ALL,/var/log/rabbitmq,{'RABBITMQ': '3.7.4'},/var/lib/rabbitmq
e97d76b1-9b14-43ee-b288-cf1f48f31f2c,djgmq032,ACTIVE,3,3,,sztzyjy,f6f67bd69dc54d54b84b2e7497e69e0a,hlw-海南省教育厅,E7601L02-V500R001B01D021_RC27,dbaas,6fee0416-6e3d-45b6-9a71-42a4ab1e9a4f,jyt-131-0-24,,True,0G,['10.148.131.0/24'],2025-10-21 17:56:06,10.148.131.59,rabbitmq,admin,1,False,MQS-NingOS-X86-MQS-1.6,NingOS,x86,HLW_HG4_Domain01,djgmq032-rabbitmq-master-1-6f931-0,10.148.131.85,4,8192,100,MIRROR_ALL,/var/log/rabbitmq,{'RABBITMQ': '3.7.4'},/var/lib/rabbitmq
e97d76b1-9b14-43ee-b288-cf1f48f31f2c,djgmq032,ACTIVE,3,3,,sztzyjy,f6f67bd69dc54d54b84b2e7497e69e0a,hlw-海南省教育厅,E7601L02-V500R001B01D021_RC27,dbaas,6fee0416-6e3d-45b6-9a71-42a4ab1e9a4f,jyt-131-0-24,,True,0G,['10.148.131.0/24'],2025-10-21 17:56:06,10.148.131.59,rabbitmq,admin,1,False,MQS-NingOS-X86-MQS-1.6,NingOS,x86,HLW_HG4_Domain01,djgmq032-rabbitmq-master-2-5bc29-0,10.148.131.182,4,8192,100,MIRROR_ALL,/var/log/rabbitmq,{'RABBITMQ': '3.7.4'},/var/lib/rabbitmq
8f62c407-9204-4faa-97cf-a034e478a36c,djgmq31,ACTIVE,3,3,,sztzyjy,f6f67bd69dc54d54b84b2e7497e69e0a,hlw-海南省教育厅,E7601L02-V500R001B01D021_RC27,dbaas,6fee0416-6e3d-45b6-9a71-42a4ab1e9a4f,jyt-131-0-24,,True,0G,['10.148.131.0/24'],2025-10-21 17:55:38,10.148.131.57,rabbitmq,admin,1,False,MQS-NingOS-X86-MQS-1.6,NingOS,x86,HLW_HG4_Domain01,djgmq31-rabbitmq-master-2-33588-0,10.148.131.204,4,8192,100,MIRROR_ALL,/var/log/rabbitmq,{'RABBITMQ': '3.7.4'},/var/lib/rabbitmq
8f62c407-9204-4faa-97cf-a034e478a36c,djgmq31,ACTIVE,3,3,,sztzyjy,f6f67bd69dc54d54b84b2e7497e69e0a,hlw-海南省教育厅,E7601L02-V500R001B01D021_RC27,dbaas,6fee0416-6e3d-45b6-9a71-42a4ab1e9a4f,jyt-131-0-24,,True,0G,['10.148.131.0/24'],2025-10-21 17:55:38,10.148.131.57,rabbitmq,admin,1,False,MQS-NingOS-X86-MQS-1.6,NingOS,x86,HLW_HG4_Domain01,djgmq31-rabbitmq-core-1-4fe40-0,10.148.131.131,4,8192,100,MIRROR_ALL,/var/log/rabbitmq,{'RABBITMQ': '3.7.4'},/var/lib/rabbitmq
8f62c407-9204-4faa-97cf-a034e478a36c,djgmq31,ACTIVE,3,3,,sztzyjy,f6f67bd69dc54d54b84b2e7497e69e0a,hlw-海南省教育厅,E7601L02-V500R001B01D021_RC27,dbaas,6fee0416-6e3d-45b6-9a71-42a4ab1e9a4f,jyt-131-0-24,,True,0G,['10.148.131.0/24'],2025-10-21 17:55:38,10.148.131.57,rabbitmq,admin,1,False,MQS-NingOS-X86-MQS-1.6,NingOS,x86,HLW_HG4_Domain01,djgmq31-rabbitmq-master-1-d7d25-0,10.148.131.137,4,8192,100,MIRROR_ALL,/var/log/rabbitmq,{'RABBITMQ': '3.7.4'},/var/lib/rabbitmq
4fb4c3e6-7613-489d-81c2-89313da761f4,djgmq026,ACTIVE,3,3,,sztzyjy,f6f67bd69dc54d54b84b2e7497e69e0a,hlw-海南省教育厅,E7601L02-V500R001B01D021_RC27,dbaas,6fee0416-6e3d-45b6-9a71-42a4ab1e9a4f,jyt-131-0-24,,True,0G,['10.148.131.0/24'],2025-10-21 17:13:54,10.148.131.54,rabbitmq,admin,1,False,MQS-NingOS-X86-MQS-1.6,NingOS,x86,HLW_HG4_Domain01,djgmq026-rabbitmq-master-1-7bb52-0,10.148.131.220,4,8192,100,MIRROR_ALL,/var/log/rabbitmq,{'RABBITMQ': '3.7.4'},/var/lib/rabbitmq
4fb4c3e6-7613-489d-81c2-89313da761f4,djgmq026,ACTIVE,3,3,,sztzyjy,f6f67bd69dc54d54b84b2e7497e69e0a,hlw-海南省教育厅,E7601L02-V500R001B01D021_RC27,dbaas,6fee0416-6e3d-45b6-9a71-42a4ab1e9a4f,jyt-131-0-24,,True,0G,['10.148.131.0/24'],2025-10-21 17:13:54,10.148.131.54,rabbitmq,admin,1,False,MQS-NingOS-X86-MQS-1.6,NingOS,x86,HLW_HG4_Domain01,djgmq026-rabbitmq-master-2-11d4b-0,10.148.131.175,4,8192,100,MIRROR_ALL,/var/log/rabbitmq,{'RABBITMQ': '3.7.4'},/var/lib/rabbitmq
4fb4c3e6-7613-489d-81c2-89313da761f4,djgmq026,ACTIVE,3,3,,sztzyjy,f6f67bd69dc54d54b84b2e7497e69e0a,hlw-海南省教育厅,E7601L02-V500R001B01D021_RC27,dbaas,6fee0416-6e3d-45b6-9a71-42a4ab1e9a4f,jyt-131-0-24,,True,0G,['10.148.131.0/24'],2025-10-21 17:13:54,10.148.131.54,rabbitmq,admin,1,False,MQS-NingOS-X86-MQS-1.6,NingOS,x86,HLW_HG4_Domain01,djgmq026-rabbitmq-core-1-27b46-0,10.148.131.64,4,8192,100,MIRROR_ALL,/var/log/rabbitmq,{'RABBITMQ': '3.7.4'},/var/lib/rabbitmq
8906c163-171f-4cba-b7f8-738badc43c20,djgmq029,ACTIVE,3,3,,sztzyjy,f6f67bd69dc54d54b84b2e7497e69e0a,hlw-海南省教育厅,E7601L02-V500R001B01D021_RC27,dbaas,6fee0416-6e3d-45b6-9a71-42a4ab1e9a4f,jyt-131-0-24,,True,0G,['10.148.131.0/24'],2025-10-21 17:13:31,10.148.131.51,rabbitmq,admin,1,False,MQS-NingOS-X86-MQS-1.6,NingOS,x86,HLW_HG4_Domain01,djgmq029-rabbitmq-master-1-5d7d6-0,10.148.131.124,4,8192,100,MIRROR_ALL,/var/log/rabbitmq,{'RABBITMQ': '3.7.4'},/var/lib/rabbitmq
8906c163-171f-4cba-b7f8-738badc43c20,djgmq029,ACTIVE,3,3,,sztzyjy,f6f67bd69dc54d54b84b2e7497e69e0a,hlw-海南省教育厅,E7601L02-V500R001B01D021_RC27,dbaas,6fee0416-6e3d-45b6-9a71-42a4ab1e9a4f,jyt-131-0-24,,True,0G,['10.148.131.0/24'],2025-10-21 17:13:31,10.148.131.51,rabbitmq,admin,1,False,MQS-NingOS-X86-MQS-1.6,NingOS,x86,HLW_HG4_Domain01,djgmq029-rabbitmq-master-2-05c19-0,10.148.131.250,4,8192,100,MIRROR_ALL,/var/log/rabbitmq,{'RABBITMQ': '3.7.4'},/var/lib/rabbitmq
8906c163-171f-4cba-b7f8-738badc43c20,djgmq029,ACTIVE,3,3,,sztzyjy,f6f67bd69dc54d54b84b2e7497e69e0a,hlw-海南省教育厅,E7601L02-V500R001B01D021_RC27,dbaas,6fee0416-6e3d-45b6-9a71-42a4ab1e9a4f,jyt-131-0-24,,True,0G,['10.148.131.0/24'],2025-10-21 17:13:31,10.148.131.51,rabbitmq,admin,1,False,MQS-NingOS-X86-MQS-1.6,NingOS,x86,HLW_HG4_Domain01,djgmq029-rabbitmq-core-1-7cbcb-0,10.148.131.193,4,8192,100,MIRROR_ALL,/var/log/rabbitmq,{'RABBITMQ': '3.7.4'},/var/lib/rabbitmq
81a10d77-a852-4337-98df-377a8f137f4e,djgmq24,ACTIVE,3,3,,sztzyjy,f6f67bd69dc54d54b84b2e7497e69e0a,hlw-海南省教育厅,E7601L02-V500R001B01D021_RC27,dbaas,6fee0416-6e3d-45b6-9a71-42a4ab1e9a4f,jyt-131-0-24,,True,0G,['10.148.131.0/24'],2025-10-21 15:18:50,10.148.131.40,rabbitmq,admin,1,False,MQS-NingOS-X86-MQS-1.6,NingOS,x86,HLW_HG4_Domain01,djgmq24-rabbitmq-master-1-6b988-0,10.148.131.42,4,12288,100,MIRROR_ALL,/var/log/rabbitmq,{'RABBITMQ': '3.7.4'},/var/lib/rabbitmq
81a10d77-a852-4337-98df-377a8f137f4e,djgmq24,ACTIVE,3,3,,sztzyjy,f6f67bd69dc54d54b84b2e7497e69e0a,hlw-海南省教育厅,E7601L02-V500R001B01D021_RC27,dbaas,6fee0416-6e3d-45b6-9a71-42a4ab1e9a4f,jyt-131-0-24,,True,0G,['10.148.131.0/24'],2025-10-21 15:18:50,10.148.131.40,rabbitmq,admin,1,False,MQS-NingOS-X86-MQS-1.6,NingOS,x86,HLW_HG4_Domain01,djgmq24-rabbitmq-master-2-38e29-0,10.148.131.48,4,12288,100,MIRROR_ALL,/var/log/rabbitmq,{'RABBITMQ': '3.7.4'},/var/lib/rabbitmq
81a10d77-a852-4337-98df-377a8f137f4e,djgmq24,ACTIVE,3,3,,sztzyjy,f6f67bd69dc54d54b84b2e7497e69e0a,hlw-海南省教育厅,E7601L02-V500R001B01D021_RC27,dbaas,6fee0416-6e3d-45b6-9a71-42a4ab1e9a4f,jyt-131-0-24,,True,0G,['10.148.131.0/24'],2025-10-21 15:18:50,10.148.131.40,rabbitmq,admin,1,False,MQS-NingOS-X86-MQS-1.6,NingOS,x86,HLW_HG4_Domain01,djgmq24-rabbitmq-core-1-0124e-0,10.148.131.253,4,12288,100,MIRROR_ALL,/var/log/rabbitmq,{'RABBITMQ': '3.7.4'},/var/lib/rabbitmq
58e139e2-9d71-4c45-a9cd-de9f0c2c0980,djgmq022,ACTIVE,3,3,,sztzyjy,f6f67bd69dc54d54b84b2e7497e69e0a,hlw-海南省教育厅,E7601L02-V500R001B01D021_RC27,dbaas,6fee0416-6e3d-45b6-9a71-42a4ab1e9a4f,jyt-131-0-24,,True,0G,['10.148.131.0/24'],2025-10-21 15:18:28,10.148.131.38,rabbitmq,admin,1,False,MQS-NingOS-X86-MQS-1.6,NingOS,x86,HLW_HG4_Domain01,djgmq022-rabbitmq-core-1-b92f8-0,10.148.131.41,4,8192,100,MIRROR_ALL,/var/log/rabbitmq,{'RABBITMQ': '3.7.4'},/var/lib/rabbitmq
58e139e2-9d71-4c45-a9cd-de9f0c2c0980,djgmq022,ACTIVE,3,3,,sztzyjy,f6f67bd69dc54d54b84b2e7497e69e0a,hlw-海南省教育厅,E7601L02-V500R001B01D021_RC27,dbaas,6fee0416-6e3d-45b6-9a71-42a4ab1e9a4f,jyt-131-0-24,,True,0G,['10.148.131.0/24'],2025-10-21 15:18:28,10.148.131.38,rabbitmq,admin,1,False,MQS-NingOS-X86-MQS-1.6,NingOS,x86,HLW_HG4_Domain01,djgmq022-rabbitmq-master-1-9b311-0,10.148.131.127,4,8192,100,MIRROR_ALL,/var/log/rabbitmq,{'RABBITMQ': '3.7.4'},/var/lib/rabbitmq
58e139e2-9d71-4c45-a9cd-de9f0c2c0980,djgmq022,ACTIVE,3,3,,sztzyjy,f6f67bd69dc54d54b84b2e7497e69e0a,hlw-海南省教育厅,E7601L02-V500R001B01D021_RC27,dbaas,6fee0416-6e3d-45b6-9a71-42a4ab1e9a4f,jyt-131-0-24,,True,0G,['10.148.131.0/24'],2025-10-21 15:18:28,10.148.131.38,rabbitmq,admin,1,False,MQS-NingOS-X86-MQS-1.6,NingOS,x86,HLW_HG4_Domain01,djgmq022-rabbitmq-master-2-f2874-0,10.148.131.159,4,8192,100,MIRROR_ALL,/var/log/rabbitmq,{'RABBITMQ': '3.7.4'},/var/lib/rabbitmq
f19d3986-69f1-4971-8eed-afde8cba0ef0,djgmq030,ACTIVE,3,3,,sztzyjy,f6f67bd69dc54d54b84b2e7497e69e0a,hlw-海南省教育厅,E7601L02-V500R001B01D021_RC27,dbaas,6fee0416-6e3d-45b6-9a71-42a4ab1e9a4f,jyt-131-0-24,,True,0G,['10.148.131.0/24'],2025-10-21 09:35:16,10.148.131.37,rabbitmq,admin,1,False,MQS-NingOS-X86-MQS-1.6,NingOS,x86,HLW_HG4_Domain01,djgmq030-rabbitmq-master-1-bd51f-0,10.148.131.83,4,8192,100,MIRROR_ALL,/var/log/rabbitmq,{'RABBITMQ': '3.7.4'},/var/lib/rabbitmq
f19d3986-69f1-4971-8eed-afde8cba0ef0,djgmq030,ACTIVE,3,3,,sztzyjy,f6f67bd69dc54d54b84b2e7497e69e0a,hlw-海南省教育厅,E7601L02-V500R001B01D021_RC27,dbaas,6fee0416-6e3d-45b6-9a71-42a4ab1e9a4f,jyt-131-0-24,,True,0G,['10.148.131.0/24'],2025-10-21 09:35:16,10.148.131.37,rabbitmq,admin,1,False,MQS-NingOS-X86-MQS-1.6,NingOS,x86,HLW_HG4_Domain01,djgmq030-rabbitmq-master-2-6ba3a-0,10.148.131.80,4,8192,100,MIRROR_ALL,/var/log/rabbitmq,{'RABBITMQ': '3.7.4'},/var/lib/rabbitmq
f19d3986-69f1-4971-8eed-afde8cba0ef0,djgmq030,ACTIVE,3,3,,sztzyjy,f6f67bd69dc54d54b84b2e7497e69e0a,hlw-海南省教育厅,E7601L02-V500R001B01D021_RC27,dbaas,6fee0416-6e3d-45b6-9a71-42a4ab1e9a4f,jyt-131-0-24,,True,0G,['10.148.131.0/24'],2025-10-21 09:35:16,10.148.131.37,rabbitmq,admin,1,False,MQS-NingOS-X86-MQS-1.6,NingOS,x86,HLW_HG4_Domain01,djgmq030-rabbitmq-core-1-648af-0,10.148.131.106,4,8192,100,MIRROR_ALL,/var/log/rabbitmq,{'RABBITMQ': '3.7.4'},/var/lib/rabbitmq
113e752d-a4af-4334-bfbe-1f79bf15bb6b,djgmq028,ACTIVE,3,3,,sztzyjy,f6f67bd69dc54d54b84b2e7497e69e0a,hlw-海南省教育厅,E7601L02-V500R001B01D021_RC27,dbaas,6fee0416-6e3d-45b6-9a71-42a4ab1e9a4f,jyt-131-0-24,,True,0G,['10.148.131.0/24'],2025-10-21 09:12:06,10.148.131.36,rabbitmq,admin,1,False,MQS-NingOS-X86-MQS-1.6,NingOS,x86,HLW_HG4_Domain01,djgmq028-rabbitmq-master-1-daa8d-0,10.148.131.58,4,8192,100,MIRROR_ALL,/var/log/rabbitmq,{'RABBITMQ': '3.7.4'},/var/lib/rabbitmq
113e752d-a4af-4334-bfbe-1f79bf15bb6b,djgmq028,ACTIVE,3,3,,sztzyjy,f6f67bd69dc54d54b84b2e7497e69e0a,hlw-海南省教育厅,E7601L02-V500R001B01D021_RC27,dbaas,6fee0416-6e3d-45b6-9a71-42a4ab1e9a4f,jyt-131-0-24,,True,0G,['10.148.131.0/24'],2025-10-21 09:12:06,10.148.131.36,rabbitmq,admin,1,False,MQS-NingOS-X86-MQS-1.6,NingOS,x86,HLW_HG4_Domain01,djgmq028-rabbitmq-master-2-ae910-0,10.148.131.245,4,8192,100,MIRROR_ALL,/var/log/rabbitmq,{'RABBITMQ': '3.7.4'},/var/lib/rabbitmq
113e752d-a4af-4334-bfbe-1f79bf15bb6b,djgmq028,ACTIVE,3,3,,sztzyjy,f6f67bd69dc54d54b84b2e7497e69e0a,hlw-海南省教育厅,E7601L02-V500R001B01D021_RC27,dbaas,6fee0416-6e3d-45b6-9a71-42a4ab1e9a4f,jyt-131-0-24,,True,0G,['10.148.131.0/24'],2025-10-21 09:12:06,10.148.131.36,rabbitmq,admin,1,False,MQS-NingOS-X86-MQS-1.6,NingOS,x86,HLW_HG4_Domain01,djgmq028-rabbitmq-core-1-21093-0,10.148.131.135,4,8192,100,MIRROR_ALL,/var/log/rabbitmq,{'RABBITMQ': '3.7.4'},/var/lib/rabbitmq
28ce93cc-ba3b-4801-8b67-483903573e53,djgmq027,ACTIVE,3,3,,sztzyjy,f6f67bd69dc54d54b84b2e7497e69e0a,hlw-海南省教育厅,E7601L02-V500R001B01D021_RC27,dbaas,6fee0416-6e3d-45b6-9a71-42a4ab1e9a4f,jyt-131-0-24,,True,0G,['10.148.131.0/24'],2025-10-21 09:11:47,10.148.131.35,rabbitmq,admin,1,False,MQS-NingOS-X86-MQS-1.6,NingOS,x86,HLW_HG4_Domain01,djgmq027-rabbitmq-master-1-f3bbe-0,10.148.131.205,4,8192,100,MIRROR_ALL,/var/log/rabbitmq,{'RABBITMQ': '3.7.4'},/var/lib/rabbitmq
28ce93cc-ba3b-4801-8b67-483903573e53,djgmq027,ACTIVE,3,3,,sztzyjy,f6f67bd69dc54d54b84b2e7497e69e0a,hlw-海南省教育厅,E7601L02-V500R001B01D021_RC27,dbaas,6fee0416-6e3d-45b6-9a71-42a4ab1e9a4f,jyt-131-0-24,,True,0G,['10.148.131.0/24'],2025-10-21 09:11:47,10.148.131.35,rabbitmq,admin,1,False,MQS-NingOS-X86-MQS-1.6,NingOS,x86,HLW_HG4_Domain01,djgmq027-rabbitmq-master-2-980de-0,10.148.131.190,4,8192,100,MIRROR_ALL,/var/log/rabbitmq,{'RABBITMQ': '3.7.4'},/var/lib/rabbitmq
28ce93cc-ba3b-4801-8b67-483903573e53,djgmq027,ACTIVE,3,3,,sztzyjy,f6f67bd69dc54d54b84b2e7497e69e0a,hlw-海南省教育厅,E7601L02-V500R001B01D021_RC27,dbaas,6fee0416-6e3d-45b6-9a71-42a4ab1e9a4f,jyt-131-0-24,,True,0G,['10.148.131.0/24'],2025-10-21 09:11:47,10.148.131.35,rabbitmq,admin,1,False,MQS-NingOS-X86-MQS-1.6,NingOS,x86,HLW_HG4_Domain01,djgmq027-rabbitmq-core-1-bedfd-0,10.148.131.185,4,8192,100,MIRROR_ALL,/var/log/rabbitmq,{'RABBITMQ': '3.7.4'},/var/lib/rabbitmq
e7bddc83-8e1c-4ea0-8d0f-ea47eaa5c51f,djgmq025,ACTIVE,3,3,,sztzyjy,f6f67bd69dc54d54b84b2e7497e69e0a,hlw-海南省教育厅,E7601L02-V500R001B01D021_RC27,dbaas,6fee0416-6e3d-45b6-9a71-42a4ab1e9a4f,jyt-131-0-24,,True,0G,['10.148.131.0/24'],2025-10-20 17:27:44,10.148.131.32,rabbitmq,admin,1,False,MQS-NingOS-X86-MQS-1.6,NingOS,x86,HLW_HG4_Domain01,djgmq025-rabbitmq-master-1-70471-0,10.148.131.144,4,8192,100,MIRROR_ALL,/var/log/rabbitmq,{'RABBITMQ': '3.7.4'},/var/lib/rabbitmq
e7bddc83-8e1c-4ea0-8d0f-ea47eaa5c51f,djgmq025,ACTIVE,3,3,,sztzyjy,f6f67bd69dc54d54b84b2e7497e69e0a,hlw-海南省教育厅,E7601L02-V500R001B01D021_RC27,dbaas,6fee0416-6e3d-45b6-9a71-42a4ab1e9a4f,jyt-131-0-24,,True,0G,['10.148.131.0/24'],2025-10-20 17:27:44,10.148.131.32,rabbitmq,admin,1,False,MQS-NingOS-X86-MQS-1.6,NingOS,x86,HLW_HG4_Domain01,djgmq025-rabbitmq-master-2-60eb4-0,10.148.131.167,4,8192,100,MIRROR_ALL,/var/log/rabbitmq,{'RABBITMQ': '3.7.4'},/var/lib/rabbitmq
e7bddc83-8e1c-4ea0-8d0f-ea47eaa5c51f,djgmq025,ACTIVE,3,3,,sztzyjy,f6f67bd69dc54d54b84b2e7497e69e0a,hlw-海南省教育厅,E7601L02-V500R001B01D021_RC27,dbaas,6fee0416-6e3d-45b6-9a71-42a4ab1e9a4f,jyt-131-0-24,,True,0G,['10.148.131.0/24'],2025-10-20 17:27:44,10.148.131.32,rabbitmq,admin,1,False,MQS-NingOS-X86-MQS-1.6,NingOS,x86,HLW_HG4_Domain01,djgmq025-rabbitmq-core-1-b6857-0,10.148.131.66,4,8192,100,MIRROR_ALL,/var/log/rabbitmq,{'RABBITMQ': '3.7.4'},/var/lib/rabbitmq
cf20933b-e87a-42b5-b376-17d683b70231,djgmq023,ACTIVE,3,3,,sztzyjy,f6f67bd69dc54d54b84b2e7497e69e0a,hlw-海南省教育厅,E7601L02-V500R001B01D021_RC27,dbaas,6fee0416-6e3d-45b6-9a71-42a4ab1e9a4f,jyt-131-0-24,,True,0G,['10.148.131.0/24'],2025-10-20 17:08:40,10.148.131.31,rabbitmq,admin,1,False,MQS-NingOS-X86-MQS-1.6,NingOS,x86,HLW_HG4_Domain01,djgmq023-rabbitmq-master-2-d3e5f-0,10.148.131.184,4,8192,100,MIRROR_ALL,/var/log/rabbitmq,{'RABBITMQ': '3.7.4'},/var/lib/rabbitmq
cf20933b-e87a-42b5-b376-17d683b70231,djgmq023,ACTIVE,3,3,,sztzyjy,f6f67bd69dc54d54b84b2e7497e69e0a,hlw-海南省教育厅,E7601L02-V500R001B01D021_RC27,dbaas,6fee0416-6e3d-45b6-9a71-42a4ab1e9a4f,jyt-131-0-24,,True,0G,['10.148.131.0/24'],2025-10-20 17:08:40,10.148.131.31,rabbitmq,admin,1,False,MQS-NingOS-X86-MQS-1.6,NingOS,x86,HLW_HG4_Domain01,djgmq023-rabbitmq-core-1-73411-0,10.148.131.180,4,8192,100,MIRROR_ALL,/var/log/rabbitmq,{'RABBITMQ': '3.7.4'},/var/lib/rabbitmq
cf20933b-e87a-42b5-b376-17d683b70231,djgmq023,ACTIVE,3,3,,sztzyjy,f6f67bd69dc54d54b84b2e7497e69e0a,hlw-海南省教育厅,E7601L02-V500R001B01D021_RC27,dbaas,6fee0416-6e3d-45b6-9a71-42a4ab1e9a4f,jyt-131-0-24,,True,0G,['10.148.131.0/24'],2025-10-20 17:08:40,10.148.131.31,rabbitmq,admin,1,False,MQS-NingOS-X86-MQS-1.6,NingOS,x86,HLW_HG4_Domain01,djgmq023-rabbitmq-master-1-b19b6-0,10.148.131.225,4,8192,100,MIRROR_ALL,/var/log/rabbitmq,{'RABBITMQ': '3.7.4'},/var/lib/rabbitmq
3e59630d-2ae0-4092-b925-3898611b393b,djgmq021,ACTIVE,3,3,,sztzyjy,f6f67bd69dc54d54b84b2e7497e69e0a,hlw-海南省教育厅,E7601L02-V500R001B01D021_RC27,dbaas,6fee0416-6e3d-45b6-9a71-42a4ab1e9a4f,jyt-131-0-24,,True,0G,['10.148.131.0/24'],2025-10-20 16:49:12,10.148.131.30,rabbitmq,admin,1,False,MQS-NingOS-X86-MQS-1.6,NingOS,x86,HLW_HG4_Domain01,djgmq021-rabbitmq-master-1-914f1-0,10.148.131.196,4,12288,100,MIRROR_ALL,/var/log/rabbitmq,{'RABBITMQ': '3.7.4'},/var/lib/rabbitmq
3e59630d-2ae0-4092-b925-3898611b393b,djgmq021,ACTIVE,3,3,,sztzyjy,f6f67bd69dc54d54b84b2e7497e69e0a,hlw-海南省教育厅,E7601L02-V500R001B01D021_RC27,dbaas,6fee0416-6e3d-45b6-9a71-42a4ab1e9a4f,jyt-131-0-24,,True,0G,['10.148.131.0/24'],2025-10-20 16:49:12,10.148.131.30,rabbitmq,admin,1,False,MQS-NingOS-X86-MQS-1.6,NingOS,x86,HLW_HG4_Domain01,djgmq021-rabbitmq-master-2-7a14e-0,10.148.131.75,4,12288,100,MIRROR_ALL,/var/log/rabbitmq,{'RABBITMQ': '3.7.4'},/var/lib/rabbitmq
3e59630d-2ae0-4092-b925-3898611b393b,djgmq021,ACTIVE,3,3,,sztzyjy,f6f67bd69dc54d54b84b2e7497e69e0a,hlw-海南省教育厅,E7601L02-V500R001B01D021_RC27,dbaas,6fee0416-6e3d-45b6-9a71-42a4ab1e9a4f,jyt-131-0-24,,True,0G,['10.148.131.0/24'],2025-10-20 16:49:12,10.148.131.30,rabbitmq,admin,1,False,MQS-NingOS-X86-MQS-1.6,NingOS,x86,HLW_HG4_Domain01,djgmq021-rabbitmq-core-1-17d15-0,10.148.131.155,4,12288,100,MIRROR_ALL,/var/log/rabbitmq,{'RABBITMQ': '3.7.4'},/var/lib/rabbitmq
59ffb435-0e12-4f17-a245-a34164984543,djgmq020,ACTIVE,3,3,,sztzyjy,f6f67bd69dc54d54b84b2e7497e69e0a,hlw-海南省教育厅,E7601L02-V500R001B01D021_RC27,dbaas,6fee0416-6e3d-45b6-9a71-42a4ab1e9a4f,jyt-131-0-24,,True,0G,['10.148.131.0/24'],2025-10-20 16:08:38,10.148.131.29,rabbitmq,admin,1,False,MQS-NingOS-X86-MQS-1.6,NingOS,x86,HLW_HG4_Domain01,djgmq020-rabbitmq-master-1-9e040-0,10.148.131.118,4,8192,100,MIRROR_ALL,/var/log/rabbitmq,{'RABBITMQ': '3.7.4'},/var/lib/rabbitmq
59ffb435-0e12-4f17-a245-a34164984543,djgmq020,ACTIVE,3,3,,sztzyjy,f6f67bd69dc54d54b84b2e7497e69e0a,hlw-海南省教育厅,E7601L02-V500R001B01D021_RC27,dbaas,6fee0416-6e3d-45b6-9a71-42a4ab1e9a4f,jyt-131-0-24,,True,0G,['10.148.131.0/24'],2025-10-20 16:08:38,10.148.131.29,rabbitmq,admin,1,False,MQS-NingOS-X86-MQS-1.6,NingOS,x86,HLW_HG4_Domain01,djgmq020-rabbitmq-master-2-e50c9-0,10.148.131.73,4,8192,100,MIRROR_ALL,/var/log/rabbitmq,{'RABBITMQ': '3.7.4'},/var/lib/rabbitmq
59ffb435-0e12-4f17-a245-a34164984543,djgmq020,ACTIVE,3,3,,sztzyjy,f6f67bd69dc54d54b84b2e7497e69e0a,hlw-海南省教育厅,E7601L02-V500R001B01D021_RC27,dbaas,6fee0416-6e3d-45b6-9a71-42a4ab1e9a4f,jyt-131-0-24,,True,0G,['10.148.131.0/24'],2025-10-20 16:08:38,10.148.131.29,rabbitmq,admin,1,False,MQS-NingOS-X86-MQS-1.6,NingOS,x86,HLW_HG4_Domain01,djgmq020-rabbitmq-core-1-c52c3-0,10.148.131.84,4,8192,100,MIRROR_ALL,/var/log/rabbitmq,{'RABBITMQ': '3.7.4'},/var/lib/rabbitmq
6b23797b-475a-4007-9a0c-13553c0f4c88,djgmq017,ACTIVE,3,3,,sztzyjy,f6f67bd69dc54d54b84b2e7497e69e0a,hlw-海南省教育厅,E7601L02-V500R001B01D021_RC27,dbaas,6fee0416-6e3d-45b6-9a71-42a4ab1e9a4f,jyt-131-0-24,,True,0G,['10.148.131.0/24'],2025-10-20 15:52:08,10.148.131.25,rabbitmq,admin,1,False,MQS-NingOS-X86-MQS-1.6,NingOS,x86,HLW_HG4_Domain01,djgmq017-rabbitmq-master-1-d7609-0,10.148.131.158,4,8192,100,MIRROR_ALL,/var/log/rabbitmq,{'RABBITMQ': '3.7.4'},/var/lib/rabbitmq
6b23797b-475a-4007-9a0c-13553c0f4c88,djgmq017,ACTIVE,3,3,,sztzyjy,f6f67bd69dc54d54b84b2e7497e69e0a,hlw-海南省教育厅,E7601L02-V500R001B01D021_RC27,dbaas,6fee0416-6e3d-45b6-9a71-42a4ab1e9a4f,jyt-131-0-24,,True,0G,['10.148.131.0/24'],2025-10-20 15:52:08,10.148.131.25,rabbitmq,admin,1,False,MQS-NingOS-X86-MQS-1.6,NingOS,x86,HLW_HG4_Domain01,djgmq017-rabbitmq-master-2-d5668-0,10.148.131.123,4,8192,100,MIRROR_ALL,/var/log/rabbitmq,{'RABBITMQ': '3.7.4'},/var/lib/rabbitmq
6b23797b-475a-4007-9a0c-13553c0f4c88,djgmq017,ACTIVE,3,3,,sztzyjy,f6f67bd69dc54d54b84b2e7497e69e0a,hlw-海南省教育厅,E7601L02-V500R001B01D021_RC27,dbaas,6fee0416-6e3d-45b6-9a71-42a4ab1e9a4f,jyt-131-0-24,,True,0G,['10.148.131.0/24'],2025-10-20 15:52:08,10.148.131.25,rabbitmq,admin,1,False,MQS-NingOS-X86-MQS-1.6,NingOS,x86,HLW_HG4_Domain01,djgmq017-rabbitmq-core-1-ef627-0,10.148.131.82,4,8192,100,MIRROR_ALL,/var/log/rabbitmq,{'RABBITMQ': '3.7.4'},/var/lib/rabbitmq
fa13a3cb-26de-4f8e-9ae6-8369992acc2e,djgmq019,ACTIVE,3,3,,sztzyjy,f6f67bd69dc54d54b84b2e7497e69e0a,hlw-海南省教育厅,E7601L02-V500R001B01D021_RC27,dbaas,6fee0416-6e3d-45b6-9a71-42a4ab1e9a4f,jyt-131-0-24,,True,0G,['10.148.131.0/24'],2025-10-20 15:35:37,10.148.131.24,rabbitmq,admin,1,False,MQS-NingOS-X86-MQS-1.6,NingOS,x86,HLW_HG4_Domain01,djgmq019-rabbitmq-master-2-e1fb6-0,10.148.131.203,4,8192,100,MIRROR_ALL,/var/log/rabbitmq,{'RABBITMQ': '3.7.4'},/var/lib/rabbitmq
fa13a3cb-26de-4f8e-9ae6-8369992acc2e,djgmq019,ACTIVE,3,3,,sztzyjy,f6f67bd69dc54d54b84b2e7497e69e0a,hlw-海南省教育厅,E7601L02-V500R001B01D021_RC27,dbaas,6fee0416-6e3d-45b6-9a71-42a4ab1e9a4f,jyt-131-0-24,,True,0G,['10.148.131.0/24'],2025-10-20 15:35:37,10.148.131.24,rabbitmq,admin,1,False,MQS-NingOS-X86-MQS-1.6,NingOS,x86,HLW_HG4_Domain01,djgmq019-rabbitmq-core-1-6cd0e-0,10.148.131.53,4,8192,100,MIRROR_ALL,/var/log/rabbitmq,{'RABBITMQ': '3.7.4'},/var/lib/rabbitmq
fa13a3cb-26de-4f8e-9ae6-8369992acc2e,djgmq019,ACTIVE,3,3,,sztzyjy,f6f67bd69dc54d54b84b2e7497e69e0a,hlw-海南省教育厅,E7601L02-V500R001B01D021_RC27,dbaas,6fee0416-6e3d-45b6-9a71-42a4ab1e9a4f,jyt-131-0-24,,True,0G,['10.148.131.0/24'],2025-10-20 15:35:37,10.148.131.24,rabbitmq,admin,1,False,MQS-NingOS-X86-MQS-1.6,NingOS,x86,HLW_HG4_Domain01,djgmq019-rabbitmq-master-1-774d6-0,10.148.131.187,4,8192,100,MIRROR_ALL,/var/log/rabbitmq,{'RABBITMQ': '3.7.4'},/var/lib/rabbitmq
6d1f97ed-d1c3-4fe8-9f03-18a0d7b455da,djgmq008,ACTIVE,3,3,,sztzyjy,f6f67bd69dc54d54b84b2e7497e69e0a,hlw-海南省教育厅,E7601L02-V500R001B01D021_RC27,dbaas,6fee0416-6e3d-45b6-9a71-42a4ab1e9a4f,jyt-131-0-24,,True,0G,['10.148.131.0/24'],2025-10-20 14:58:07,10.148.131.12,rabbitmq,admin,1,False,MQS-NingOS-X86-MQS-1.6,NingOS,x86,HLW_HG4_Domain01,djgmq008-rabbitmq-master-1-87034-0,10.148.131.211,4,12288,100,MIRROR_ALL,/var/log/rabbitmq,{'RABBITMQ': '3.7.4'},/var/lib/rabbitmq
6d1f97ed-d1c3-4fe8-9f03-18a0d7b455da,djgmq008,ACTIVE,3,3,,sztzyjy,f6f67bd69dc54d54b84b2e7497e69e0a,hlw-海南省教育厅,E7601L02-V500R001B01D021_RC27,dbaas,6fee0416-6e3d-45b6-9a71-42a4ab1e9a4f,jyt-131-0-24,,True,0G,['10.148.131.0/24'],2025-10-20 14:58:07,10.148.131.12,rabbitmq,admin,1,False,MQS-NingOS-X86-MQS-1.6,NingOS,x86,HLW_HG4_Domain01,djgmq008-rabbitmq-master-2-0b2eb-0,10.148.131.212,4,12288,100,MIRROR_ALL,/var/log/rabbitmq,{'RABBITMQ': '3.7.4'},/var/lib/rabbitmq
6d1f97ed-d1c3-4fe8-9f03-18a0d7b455da,djgmq008,ACTIVE,3,3,,sztzyjy,f6f67bd69dc54d54b84b2e7497e69e0a,hlw-海南省教育厅,E7601L02-V500R001B01D021_RC27,dbaas,6fee0416-6e3d-45b6-9a71-42a4ab1e9a4f,jyt-131-0-24,,True,0G,['10.148.131.0/24'],2025-10-20 14:58:07,10.148.131.12,rabbitmq,admin,1,False,MQS-NingOS-X86-MQS-1.6,NingOS,x86,HLW_HG4_Domain01,djgmq008-rabbitmq-core-1-c4858-0,10.148.131.45,4,12288,100,MIRROR_ALL,/var/log/rabbitmq,{'RABBITMQ': '3.7.4'},/var/lib/rabbitmq
4204a8d0-7cdb-4e8e-b5ff-6456026bdded,djgmq005,ACTIVE,3,3,,sztzyjy,f6f67bd69dc54d54b84b2e7497e69e0a,hlw-海南省教育厅,E7601L02-V500R001B01D021_RC27,dbaas,6fee0416-6e3d-45b6-9a71-42a4ab1e9a4f,jyt-131-0-24,,True,0G,['10.148.131.0/24'],2025-10-20 14:57:45,10.148.131.11,rabbitmq,admin,1,False,MQS-NingOS-X86-MQS-1.6,NingOS,x86,HLW_HG4_Domain01,djgmq005-rabbitmq-master-1-7ee50-0,10.148.131.26,8,16384,100,MIRROR_ALL,/var/log/rabbitmq,{'RABBITMQ': '3.7.4'},/var/lib/rabbitmq
4204a8d0-7cdb-4e8e-b5ff-6456026bdded,djgmq005,ACTIVE,3,3,,sztzyjy,f6f67bd69dc54d54b84b2e7497e69e0a,hlw-海南省教育厅,E7601L02-V500R001B01D021_RC27,dbaas,6fee0416-6e3d-45b6-9a71-42a4ab1e9a4f,jyt-131-0-24,,True,0G,['10.148.131.0/24'],2025-10-20 14:57:45,10.148.131.11,rabbitmq,admin,1,False,MQS-NingOS-X86-MQS-1.6,NingOS,x86,HLW_HG4_Domain01,djgmq005-rabbitmq-master-2-02baa-0,10.148.131.140,8,16384,100,MIRROR_ALL,/var/log/rabbitmq,{'RABBITMQ': '3.7.4'},/var/lib/rabbitmq
4204a8d0-7cdb-4e8e-b5ff-6456026bdded,djgmq005,ACTIVE,3,3,,sztzyjy,f6f67bd69dc54d54b84b2e7497e69e0a,hlw-海南省教育厅,E7601L02-V500R001B01D021_RC27,dbaas,6fee0416-6e3d-45b6-9a71-42a4ab1e9a4f,jyt-131-0-24,,True,0G,['10.148.131.0/24'],2025-10-20 14:57:45,10.148.131.11,rabbitmq,admin,1,False,MQS-NingOS-X86-MQS-1.6,NingOS,x86,HLW_HG4_Domain01,djgmq005-rabbitmq-core-1-058f6-0,10.148.131.105,8,16384,100,MIRROR_ALL,/var/log/rabbitmq,{'RABBITMQ': '3.7.4'},/var/lib/rabbitmq
91ca443d-7a4e-456b-91d4-4a3019b06a3c,djgmq015,ACTIVE,3,3,,sztzyjy,f6f67bd69dc54d54b84b2e7497e69e0a,hlw-海南省教育厅,E7601L02-V500R001B01D021_RC27,dbaas,6fee0416-6e3d-45b6-9a71-42a4ab1e9a4f,jyt-131-0-24,,True,0G,['10.148.131.0/24'],2025-10-20 14:36:50,10.148.131.23,rabbitmq,admin,1,False,MQS-NingOS-X86-MQS-1.6,NingOS,x86,HLW_HG4_Domain01,djgmq015-rabbitmq-master-1-4e2bf-0,10.148.131.244,2,4096,100,MIRROR_ALL,/var/log/rabbitmq,{'RABBITMQ': '3.7.4'},/var/lib/rabbitmq
91ca443d-7a4e-456b-91d4-4a3019b06a3c,djgmq015,ACTIVE,3,3,,sztzyjy,f6f67bd69dc54d54b84b2e7497e69e0a,hlw-海南省教育厅,E7601L02-V500R001B01D021_RC27,dbaas,6fee0416-6e3d-45b6-9a71-42a4ab1e9a4f,jyt-131-0-24,,True,0G,['10.148.131.0/24'],2025-10-20 14:36:50,10.148.131.23,rabbitmq,admin,1,False,MQS-NingOS-X86-MQS-1.6,NingOS,x86,HLW_HG4_Domain01,djgmq015-rabbitmq-master-2-ff878-0,10.148.131.133,2,4096,100,MIRROR_ALL,/var/log/rabbitmq,{'RABBITMQ': '3.7.4'},/var/lib/rabbitmq
91ca443d-7a4e-456b-91d4-4a3019b06a3c,djgmq015,ACTIVE,3,3,,sztzyjy,f6f67bd69dc54d54b84b2e7497e69e0a,hlw-海南省教育厅,E7601L02-V500R001B01D021_RC27,dbaas,6fee0416-6e3d-45b6-9a71-42a4ab1e9a4f,jyt-131-0-24,,True,0G,['10.148.131.0/24'],2025-10-20 14:36:50,10.148.131.23,rabbitmq,admin,1,False,MQS-NingOS-X86-MQS-1.6,NingOS,x86,HLW_HG4_Domain01,djgmq015-rabbitmq-core-1-455a0-0,10.148.131.223,2,4096,100,MIRROR_ALL,/var/log/rabbitmq,{'RABBITMQ': '3.7.4'},/var/lib/rabbitmq
ed3bbc73-8358-4cbc-b4b3-f796cd192ee2,djgmd016,ACTIVE,3,3,,sztzyjy,f6f67bd69dc54d54b84b2e7497e69e0a,hlw-海南省教育厅,E7601L02-V500R001B01D021_RC27,dbaas,6fee0416-6e3d-45b6-9a71-42a4ab1e9a4f,jyt-131-0-24,,True,0G,['10.148.131.0/24'],2025-10-20 14:36:31,10.148.131.22,rabbitmq,admin,1,False,MQS-NingOS-X86-MQS-1.6,NingOS,x86,HLW_HG4_Domain01,djgmd016-rabbitmq-core-1-b19b5-0,10.148.131.197,4,8192,100,MIRROR_ALL,/var/log/rabbitmq,{'RABBITMQ': '3.7.4'},/var/lib/rabbitmq
ed3bbc73-8358-4cbc-b4b3-f796cd192ee2,djgmd016,ACTIVE,3,3,,sztzyjy,f6f67bd69dc54d54b84b2e7497e69e0a,hlw-海南省教育厅,E7601L02-V500R001B01D021_RC27,dbaas,6fee0416-6e3d-45b6-9a71-42a4ab1e9a4f,jyt-131-0-24,,True,0G,['10.148.131.0/24'],2025-10-20 14:36:31,10.148.131.22,rabbitmq,admin,1,False,MQS-NingOS-X86-MQS-1.6,NingOS,x86,HLW_HG4_Domain01,djgmd016-rabbitmq-master-1-7df34-0,10.148.131.88,4,8192,100,MIRROR_ALL,/var/log/rabbitmq,{'RABBITMQ': '3.7.4'},/var/lib/rabbitmq
ed3bbc73-8358-4cbc-b4b3-f796cd192ee2,djgmd016,ACTIVE,3,3,,sztzyjy,f6f67bd69dc54d54b84b2e7497e69e0a,hlw-海南省教育厅,E7601L02-V500R001B01D021_RC27,dbaas,6fee0416-6e3d-45b6-9a71-42a4ab1e9a4f,jyt-131-0-24,,True,0G,['10.148.131.0/24'],2025-10-20 14:36:31,10.148.131.22,rabbitmq,admin,1,False,MQS-NingOS-X86-MQS-1.6,NingOS,x86,HLW_HG4_Domain01,djgmd016-rabbitmq-master-2-b45a7-0,10.148.131.87,4,8192,100,MIRROR_ALL,/var/log/rabbitmq,{'RABBITMQ': '3.7.4'},/var/lib/rabbitmq
c96f93fa-38b4-454a-b716-e71500c56b8e,djgmq013,ACTIVE,3,3,,sztzyjy,f6f67bd69dc54d54b84b2e7497e69e0a,hlw-海南省教育厅,E7601L02-V500R001B01D021_RC27,dbaas,6fee0416-6e3d-45b6-9a71-42a4ab1e9a4f,jyt-131-0-24,,True,0G,['10.148.131.0/24'],2025-10-20 14:11:44,10.148.131.21,rabbitmq,admin,1,False,MQS-NingOS-X86-MQS-1.6,NingOS,x86,HLW_HG4_Domain01,djgmq013-rabbitmq-master-1-4791a-0,10.148.131.178,8,16384,100,MIRROR_ALL,/var/log/rabbitmq,{'RABBITMQ': '3.7.4'},/var/lib/rabbitmq
c96f93fa-38b4-454a-b716-e71500c56b8e,djgmq013,ACTIVE,3,3,,sztzyjy,f6f67bd69dc54d54b84b2e7497e69e0a,hlw-海南省教育厅,E7601L02-V500R001B01D021_RC27,dbaas,6fee0416-6e3d-45b6-9a71-42a4ab1e9a4f,jyt-131-0-24,,True,0G,['10.148.131.0/24'],2025-10-20 14:11:44,10.148.131.21,rabbitmq,admin,1,False,MQS-NingOS-X86-MQS-1.6,NingOS,x86,HLW_HG4_Domain01,djgmq013-rabbitmq-master-2-75416-0,10.148.131.52,8,16384,100,MIRROR_ALL,/var/log/rabbitmq,{'RABBITMQ': '3.7.4'},/var/lib/rabbitmq
c96f93fa-38b4-454a-b716-e71500c56b8e,djgmq013,ACTIVE,3,3,,sztzyjy,f6f67bd69dc54d54b84b2e7497e69e0a,hlw-海南省教育厅,E7601L02-V500R001B01D021_RC27,dbaas,6fee0416-6e3d-45b6-9a71-42a4ab1e9a4f,jyt-131-0-24,,True,0G,['10.148.131.0/24'],2025-10-20 14:11:44,10.148.131.21,rabbitmq,admin,1,False,MQS-NingOS-X86-MQS-1.6,NingOS,x86,HLW_HG4_Domain01,djgmq013-rabbitmq-core-1-3ec56-0,10.148.131.39,8,16384,100,MIRROR_ALL,/var/log/rabbitmq,{'RABBITMQ': '3.7.4'},/var/lib/rabbitmq
0aabb591-a9ff-48cd-83f0-d722051c52c3,djgmq014,ACTIVE,3,3,,sztzyjy,f6f67bd69dc54d54b84b2e7497e69e0a,hlw-海南省教育厅,E7601L02-V500R001B01D021_RC27,dbaas,6fee0416-6e3d-45b6-9a71-42a4ab1e9a4f,jyt-131-0-24,,True,0G,['10.148.131.0/24'],2025-10-20 14:11:21,10.148.131.20,rabbitmq,admin,1,False,MQS-NingOS-X86-MQS-1.6,NingOS,x86,HLW_HG4_Domain01,djgmq014-rabbitmq-master-1-9b089-0,10.148.131.208,8,16384,100,MIRROR_ALL,/var/log/rabbitmq,{'RABBITMQ': '3.7.4'},/var/lib/rabbitmq
0aabb591-a9ff-48cd-83f0-d722051c52c3,djgmq014,ACTIVE,3,3,,sztzyjy,f6f67bd69dc54d54b84b2e7497e69e0a,hlw-海南省教育厅,E7601L02-V500R001B01D021_RC27,dbaas,6fee0416-6e3d-45b6-9a71-42a4ab1e9a4f,jyt-131-0-24,,True,0G,['10.148.131.0/24'],2025-10-20 14:11:21,10.148.131.20,rabbitmq,admin,1,False,MQS-NingOS-X86-MQS-1.6,NingOS,x86,HLW_HG4_Domain01,djgmq014-rabbitmq-master-2-ea347-0,10.148.131.117,8,16384,100,MIRROR_ALL,/var/log/rabbitmq,{'RABBITMQ': '3.7.4'},/var/lib/rabbitmq
0aabb591-a9ff-48cd-83f0-d722051c52c3,djgmq014,ACTIVE,3,3,,sztzyjy,f6f67bd69dc54d54b84b2e7497e69e0a,hlw-海南省教育厅,E7601L02-V500R001B01D021_RC27,dbaas,6fee0416-6e3d-45b6-9a71-42a4ab1e9a4f,jyt-131-0-24,,True,0G,['10.148.131.0/24'],2025-10-20 14:11:21,10.148.131.20,rabbitmq,admin,1,False,MQS-NingOS-X86-MQS-1.6,NingOS,x86,HLW_HG4_Domain01,djgmq014-rabbitmq-core-1-002b7-0,10.148.131.149,8,16384,100,MIRROR_ALL,/var/log/rabbitmq,{'RABBITMQ': '3.7.4'},/var/lib/rabbitmq
0e38434c-43bd-4e6c-a14c-aa73c2ac94d1,djgmq011,ACTIVE,3,3,,sztzyjy,f6f67bd69dc54d54b84b2e7497e69e0a,hlw-海南省教育厅,E7601L02-V500R001B01D021_RC27,dbaas,6fee0416-6e3d-45b6-9a71-42a4ab1e9a4f,jyt-131-0-24,,True,0G,['10.148.131.0/24'],2025-10-20 11:45:03,10.148.131.19,rabbitmq,admin,1,False,MQS-NingOS-X86-MQS-1.6,NingOS,x86,HLW_HG4_Domain01,djgmq011-rabbitmq-master-2-1e8a8-0,10.148.131.50,8,16384,100,MIRROR_ALL,/var/log/rabbitmq,{'RABBITMQ': '3.7.4'},/var/lib/rabbitmq
0e38434c-43bd-4e6c-a14c-aa73c2ac94d1,djgmq011,ACTIVE,3,3,,sztzyjy,f6f67bd69dc54d54b84b2e7497e69e0a,hlw-海南省教育厅,E7601L02-V500R001B01D021_RC27,dbaas,6fee0416-6e3d-45b6-9a71-42a4ab1e9a4f,jyt-131-0-24,,True,0G,['10.148.131.0/24'],2025-10-20 11:45:03,10.148.131.19,rabbitmq,admin,1,False,MQS-NingOS-X86-MQS-1.6,NingOS,x86,HLW_HG4_Domain01,djgmq011-rabbitmq-core-1-290b4-0,10.148.131.46,8,16384,100,MIRROR_ALL,/var/log/rabbitmq,{'RABBITMQ': '3.7.4'},/var/lib/rabbitmq
0e38434c-43bd-4e6c-a14c-aa73c2ac94d1,djgmq011,ACTIVE,3,3,,sztzyjy,f6f67bd69dc54d54b84b2e7497e69e0a,hlw-海南省教育厅,E7601L02-V500R001B01D021_RC27,dbaas,6fee0416-6e3d-45b6-9a71-42a4ab1e9a4f,jyt-131-0-24,,True,0G,['10.148.131.0/24'],2025-10-20 11:45:03,10.148.131.19,rabbitmq,admin,1,False,MQS-NingOS-X86-MQS-1.6,NingOS,x86,HLW_HG4_Domain01,djgmq011-rabbitmq-master-1-34db8-0,10.148.131.91,8,16384,100,MIRROR_ALL,/var/log/rabbitmq,{'RABBITMQ': '3.7.4'},/var/lib/rabbitmq
71f69ee6-4ced-45e9-9d7a-df225de430c5,djgmq012,ACTIVE,3,3,,sztzyjy,f6f67bd69dc54d54b84b2e7497e69e0a,hlw-海南省教育厅,E7601L02-V500R001B01D021_RC27,dbaas,6fee0416-6e3d-45b6-9a71-42a4ab1e9a4f,jyt-131-0-24,,True,0G,['10.148.131.0/24'],2025-10-20 11:44:42,10.148.131.18,rabbitmq,admin,1,False,MQS-NingOS-X86-MQS-1.6,NingOS,x86,HLW_HG4_Domain01,djgmq012-rabbitmq-master-1-fa341-0,10.148.131.136,8,16384,100,MIRROR_ALL,/var/log/rabbitmq,{'RABBITMQ': '3.7.4'},/var/lib/rabbitmq
71f69ee6-4ced-45e9-9d7a-df225de430c5,djgmq012,ACTIVE,3,3,,sztzyjy,f6f67bd69dc54d54b84b2e7497e69e0a,hlw-海南省教育厅,E7601L02-V500R001B01D021_RC27,dbaas,6fee0416-6e3d-45b6-9a71-42a4ab1e9a4f,jyt-131-0-24,,True,0G,['10.148.131.0/24'],2025-10-20 11:44:42,10.148.131.18,rabbitmq,admin,1,False,MQS-NingOS-X86-MQS-1.6,NingOS,x86,HLW_HG4_Domain01,djgmq012-rabbitmq-master-2-8aefe-0,10.148.131.148,8,16384,100,MIRROR_ALL,/var/log/rabbitmq,{'RABBITMQ': '3.7.4'},/var/lib/rabbitmq
71f69ee6-4ced-45e9-9d7a-df225de430c5,djgmq012,ACTIVE,3,3,,sztzyjy,f6f67bd69dc54d54b84b2e7497e69e0a,hlw-海南省教育厅,E7601L02-V500R001B01D021_RC27,dbaas,6fee0416-6e3d-45b6-9a71-42a4ab1e9a4f,jyt-131-0-24,,True,0G,['10.148.131.0/24'],2025-10-20 11:44:42,10.148.131.18,rabbitmq,admin,1,False,MQS-NingOS-X86-MQS-1.6,NingOS,x86,HLW_HG4_Domain01,djgmq012-rabbitmq-core-1-cf597-0,10.148.131.99,8,16384,100,MIRROR_ALL,/var/log/rabbitmq,{'RABBITMQ': '3.7.4'},/var/lib/rabbitmq
4b6777ca-c788-47e7-92dd-b0c94748d246,djgmq009,ACTIVE,3,3,,sztzyjy,f6f67bd69dc54d54b84b2e7497e69e0a,hlw-海南省教育厅,E7601L02-V500R001B01D021_RC27,dbaas,6fee0416-6e3d-45b6-9a71-42a4ab1e9a4f,jyt-131-0-24,,True,0G,['10.148.131.0/24'],2025-10-20 11:27:12,10.148.131.17,rabbitmq,admin,1,False,MQS-NingOS-X86-MQS-1.6,NingOS,x86,HLW_HG4_Domain01,djgmq009-rabbitmq-master-1-822f4-0,10.148.131.162,8,16384,100,MIRROR_ALL,/var/log/rabbitmq,{'RABBITMQ': '3.7.4'},/var/lib/rabbitmq
4b6777ca-c788-47e7-92dd-b0c94748d246,djgmq009,ACTIVE,3,3,,sztzyjy,f6f67bd69dc54d54b84b2e7497e69e0a,hlw-海南省教育厅,E7601L02-V500R001B01D021_RC27,dbaas,6fee0416-6e3d-45b6-9a71-42a4ab1e9a4f,jyt-131-0-24,,True,0G,['10.148.131.0/24'],2025-10-20 11:27:12,10.148.131.17,rabbitmq,admin,1,False,MQS-NingOS-X86-MQS-1.6,NingOS,x86,HLW_HG4_Domain01,djgmq009-rabbitmq-master-2-10546-0,10.148.131.147,8,16384,100,MIRROR_ALL,/var/log/rabbitmq,{'RABBITMQ': '3.7.4'},/var/lib/rabbitmq
4b6777ca-c788-47e7-92dd-b0c94748d246,djgmq009,ACTIVE,3,3,,sztzyjy,f6f67bd69dc54d54b84b2e7497e69e0a,hlw-海南省教育厅,E7601L02-V500R001B01D021_RC27,dbaas,6fee0416-6e3d-45b6-9a71-42a4ab1e9a4f,jyt-131-0-24,,True,0G,['10.148.131.0/24'],2025-10-20 11:27:12,10.148.131.17,rabbitmq,admin,1,False,MQS-NingOS-X86-MQS-1.6,NingOS,x86,HLW_HG4_Domain01,djgmq009-rabbitmq-core-1-61852-0,10.148.131.222,8,16384,100,MIRROR_ALL,/var/log/rabbitmq,{'RABBITMQ': '3.7.4'},/var/lib/rabbitmq
66b5c48a-bd58-45d2-9b23-e0f1a143c948,djgmq010,ACTIVE,3,3,,sztzyjy,f6f67bd69dc54d54b84b2e7497e69e0a,hlw-海南省教育厅,E7601L02-V500R001B01D021_RC27,dbaas,6fee0416-6e3d-45b6-9a71-42a4ab1e9a4f,jyt-131-0-24,,True,0G,['10.148.131.0/24'],2025-10-20 11:25:19,10.148.131.16,rabbitmq,admin,1,False,MQS-NingOS-X86-MQS-1.6,NingOS,x86,HLW_HG4_Domain01,djgmq010-rabbitmq-master-1-cdfc2-0,10.148.131.34,8,16384,100,MIRROR_ALL,/var/log/rabbitmq,{'RABBITMQ': '3.7.4'},/var/lib/rabbitmq
66b5c48a-bd58-45d2-9b23-e0f1a143c948,djgmq010,ACTIVE,3,3,,sztzyjy,f6f67bd69dc54d54b84b2e7497e69e0a,hlw-海南省教育厅,E7601L02-V500R001B01D021_RC27,dbaas,6fee0416-6e3d-45b6-9a71-42a4ab1e9a4f,jyt-131-0-24,,True,0G,['10.148.131.0/24'],2025-10-20 11:25:19,10.148.131.16,rabbitmq,admin,1,False,MQS-NingOS-X86-MQS-1.6,NingOS,x86,HLW_HG4_Domain01,djgmq010-rabbitmq-master-2-05d6d-0,10.148.131.153,8,16384,100,MIRROR_ALL,/var/log/rabbitmq,{'RABBITMQ': '3.7.4'},/var/lib/rabbitmq
66b5c48a-bd58-45d2-9b23-e0f1a143c948,djgmq010,ACTIVE,3,3,,sztzyjy,f6f67bd69dc54d54b84b2e7497e69e0a,hlw-海南省教育厅,E7601L02-V500R001B01D021_RC27,dbaas,6fee0416-6e3d-45b6-9a71-42a4ab1e9a4f,jyt-131-0-24,,True,0G,['10.148.131.0/24'],2025-10-20 11:25:19,10.148.131.16,rabbitmq,admin,1,False,MQS-NingOS-X86-MQS-1.6,NingOS,x86,HLW_HG4_Domain01,djgmq010-rabbitmq-core-1-666be-0,10.148.131.65,8,16384,100,MIRROR_ALL,/var/log/rabbitmq,{'RABBITMQ': '3.7.4'},/var/lib/rabbitmq
9864a560-330c-4eeb-b237-08402d1bf785,djgmq006,ACTIVE,3,3,,sztzyjy,f6f67bd69dc54d54b84b2e7497e69e0a,hlw-海南省教育厅,E7601L02-V500R001B01D021_RC27,dbaas,6fee0416-6e3d-45b6-9a71-42a4ab1e9a4f,jyt-131-0-24,,True,0G,['10.148.131.0/24'],2025-10-20 11:04:55,10.148.131.15,rabbitmq,admin,1,False,MQS-NingOS-X86-MQS-1.6,NingOS,x86,HLW_HG4_Domain01,djgmq006-rabbitmq-master-1-afb75-0,10.148.131.202,8,16384,100,MIRROR_ALL,/var/log/rabbitmq,{'RABBITMQ': '3.7.4'},/var/lib/rabbitmq
9864a560-330c-4eeb-b237-08402d1bf785,djgmq006,ACTIVE,3,3,,sztzyjy,f6f67bd69dc54d54b84b2e7497e69e0a,hlw-海南省教育厅,E7601L02-V500R001B01D021_RC27,dbaas,6fee0416-6e3d-45b6-9a71-42a4ab1e9a4f,jyt-131-0-24,,True,0G,['10.148.131.0/24'],2025-10-20 11:04:55,10.148.131.15,rabbitmq,admin,1,False,MQS-NingOS-X86-MQS-1.6,NingOS,x86,HLW_HG4_Domain01,djgmq006-rabbitmq-master-2-ee99b-0,10.148.131.152,8,16384,100,MIRROR_ALL,/var/log/rabbitmq,{'RABBITMQ': '3.7.4'},/var/lib/rabbitmq
9864a560-330c-4eeb-b237-08402d1bf785,djgmq006,ACTIVE,3,3,,sztzyjy,f6f67bd69dc54d54b84b2e7497e69e0a,hlw-海南省教育厅,E7601L02-V500R001B01D021_RC27,dbaas,6fee0416-6e3d-45b6-9a71-42a4ab1e9a4f,jyt-131-0-24,,True,0G,['10.148.131.0/24'],2025-10-20 11:04:55,10.148.131.15,rabbitmq,admin,1,False,MQS-NingOS-X86-MQS-1.6,NingOS,x86,HLW_HG4_Domain01,djgmq006-rabbitmq-core-1-1f5a9-0,10.148.131.189,8,16384,100,MIRROR_ALL,/var/log/rabbitmq,{'RABBITMQ': '3.7.4'},/var/lib/rabbitmq
3ac0b4ed-d8e9-45fb-a7e9-9e54c7b562ab,djgmq007,ACTIVE,3,3,,sztzyjy,f6f67bd69dc54d54b84b2e7497e69e0a,hlw-海南省教育厅,E7601L02-V500R001B01D021_RC27,dbaas,6fee0416-6e3d-45b6-9a71-42a4ab1e9a4f,jyt-131-0-24,,True,0G,['10.148.131.0/24'],2025-10-20 10:38:59,10.148.131.13,rabbitmq,admin,1,False,MQS-NingOS-X86-MQS-1.6,NingOS,x86,HLW_HG4_Domain01,djgmq007-rabbitmq-master-1-4e063-0,10.148.131.251,8,16384,100,MIRROR_ALL,/var/log/rabbitmq,{'RABBITMQ': '3.7.4'},/var/lib/rabbitmq
3ac0b4ed-d8e9-45fb-a7e9-9e54c7b562ab,djgmq007,ACTIVE,3,3,,sztzyjy,f6f67bd69dc54d54b84b2e7497e69e0a,hlw-海南省教育厅,E7601L02-V500R001B01D021_RC27,dbaas,6fee0416-6e3d-45b6-9a71-42a4ab1e9a4f,jyt-131-0-24,,True,0G,['10.148.131.0/24'],2025-10-20 10:38:59,10.148.131.13,rabbitmq,admin,1,False,MQS-NingOS-X86-MQS-1.6,NingOS,x86,HLW_HG4_Domain01,djgmq007-rabbitmq-master-2-92da9-0,10.148.131.126,8,16384,100,MIRROR_ALL,/var/log/rabbitmq,{'RABBITMQ': '3.7.4'},/var/lib/rabbitmq
3ac0b4ed-d8e9-45fb-a7e9-9e54c7b562ab,djgmq007,ACTIVE,3,3,,sztzyjy,f6f67bd69dc54d54b84b2e7497e69e0a,hlw-海南省教育厅,E7601L02-V500R001B01D021_RC27,dbaas,6fee0416-6e3d-45b6-9a71-42a4ab1e9a4f,jyt-131-0-24,,True,0G,['10.148.131.0/24'],2025-10-20 10:38:59,10.148.131.13,rabbitmq,admin,1,False,MQS-NingOS-X86-MQS-1.6,NingOS,x86,HLW_HG4_Domain01,djgmq007-rabbitmq-core-1-72e14-0,10.148.131.188,8,16384,100,MIRROR_ALL,/var/log/rabbitmq,{'RABBITMQ': '3.7.4'},/var/lib/rabbitmq
a7c8d498-5ccb-453f-a8d5-a3798466b826,djgmq004,ACTIVE,3,3,,sztzyjy,f6f67bd69dc54d54b84b2e7497e69e0a,hlw-海南省教育厅,E7601L02-V500R001B01D021_RC27,dbaas,6fee0416-6e3d-45b6-9a71-42a4ab1e9a4f,jyt-131-0-24,,True,0G,['10.148.131.0/24'],2025-10-20 10:15:02,10.148.131.10,rabbitmq,admin,1,False,MQS-NingOS-X86-MQS-1.6,NingOS,x86,HLW_HG4_Domain01,djgmq004-rabbitmq-master-2-e2d42-0,10.148.131.229,8,16384,100,MIRROR_ALL,/var/log/rabbitmq,{'RABBITMQ': '3.7.4'},/var/lib/rabbitmq
a7c8d498-5ccb-453f-a8d5-a3798466b826,djgmq004,ACTIVE,3,3,,sztzyjy,f6f67bd69dc54d54b84b2e7497e69e0a,hlw-海南省教育厅,E7601L02-V500R001B01D021_RC27,dbaas,6fee0416-6e3d-45b6-9a71-42a4ab1e9a4f,jyt-131-0-24,,True,0G,['10.148.131.0/24'],2025-10-20 10:15:02,10.148.131.10,rabbitmq,admin,1,False,MQS-NingOS-X86-MQS-1.6,NingOS,x86,HLW_HG4_Domain01,djgmq004-rabbitmq-core-1-c0f78-0,10.148.131.233,8,16384,100,MIRROR_ALL,/var/log/rabbitmq,{'RABBITMQ': '3.7.4'},/var/lib/rabbitmq
a7c8d498-5ccb-453f-a8d5-a3798466b826,djgmq004,ACTIVE,3,3,,sztzyjy,f6f67bd69dc54d54b84b2e7497e69e0a,hlw-海南省教育厅,E7601L02-V500R001B01D021_RC27,dbaas,6fee0416-6e3d-45b6-9a71-42a4ab1e9a4f,jyt-131-0-24,,True,0G,['10.148.131.0/24'],2025-10-20 10:15:02,10.148.131.10,rabbitmq,admin,1,False,MQS-NingOS-X86-MQS-1.6,NingOS,x86,HLW_HG4_Domain01,djgmq004-rabbitmq-master-1-6cf75-0,10.148.131.151,8,16384,100,MIRROR_ALL,/var/log/rabbitmq,{'RABBITMQ': '3.7.4'},/var/lib/rabbitmq
f57b6910-bc79-4e4a-91bb-e18713d05624,djgmq002,ACTIVE,3,3,,sztzyjy,f6f67bd69dc54d54b84b2e7497e69e0a,hlw-海南省教育厅,E7601L02-V500R001B01D021_RC27,dbaas,6fee0416-6e3d-45b6-9a71-42a4ab1e9a4f,jyt-131-0-24,,True,0G,['10.148.131.0/24'],2025-10-20 10:00:31,10.148.131.9,rabbitmq,admin,1,False,MQS-NingOS-X86-MQS-1.6,NingOS,x86,HLW_HG4_Domain01,djgmq002-rabbitmq-master-2-60b29-0,10.148.131.249,4,12288,100,MIRROR_ALL,/var/log/rabbitmq,{'RABBITMQ': '3.7.4'},/var/lib/rabbitmq
f57b6910-bc79-4e4a-91bb-e18713d05624,djgmq002,ACTIVE,3,3,,sztzyjy,f6f67bd69dc54d54b84b2e7497e69e0a,hlw-海南省教育厅,E7601L02-V500R001B01D021_RC27,dbaas,6fee0416-6e3d-45b6-9a71-42a4ab1e9a4f,jyt-131-0-24,,True,0G,['10.148.131.0/24'],2025-10-20 10:00:31,10.148.131.9,rabbitmq,admin,1,False,MQS-NingOS-X86-MQS-1.6,NingOS,x86,HLW_HG4_Domain01,djgmq002-rabbitmq-core-1-29f09-0,10.148.131.215,4,12288,100,MIRROR_ALL,/var/log/rabbitmq,{'RABBITMQ': '3.7.4'},/var/lib/rabbitmq
f57b6910-bc79-4e4a-91bb-e18713d05624,djgmq002,ACTIVE,3,3,,sztzyjy,f6f67bd69dc54d54b84b2e7497e69e0a,hlw-海南省教育厅,E7601L02-V500R001B01D021_RC27,dbaas,6fee0416-6e3d-45b6-9a71-42a4ab1e9a4f,jyt-131-0-24,,True,0G,['10.148.131.0/24'],2025-10-20 10:00:31,10.148.131.9,rabbitmq,admin,1,False,MQS-NingOS-X86-MQS-1.6,NingOS,x86,HLW_HG4_Domain01,djgmq002-rabbitmq-master-1-6ac8a-0,10.148.131.224,4,12288,100,MIRROR_ALL,/var/log/rabbitmq,{'RABBITMQ': '3.7.4'},/var/lib/rabbitmq
5b0c6e16-6bf7-47e0-90d2-258f4912882a,djgmq001,ACTIVE,3,3,,sztzyjy,f6f67bd69dc54d54b84b2e7497e69e0a,hlw-海南省教育厅,E7601L02-V500R001B01D021_RC27,dbaas,6fee0416-6e3d-45b6-9a71-42a4ab1e9a4f,jyt-131-0-24,,True,0G,['10.148.131.0/24'],2025-10-20 10:00:08,10.148.131.8,rabbitmq,admin,1,False,MQS-NingOS-X86-MQS-1.6,NingOS,x86,HLW_HG4_Domain01,djgmq001-rabbitmq-core-1-67193-0,10.148.131.200,8,16384,100,MIRROR_ALL,/var/log/rabbitmq,{'RABBITMQ': '3.7.4'},/var/lib/rabbitmq
5b0c6e16-6bf7-47e0-90d2-258f4912882a,djgmq001,ACTIVE,3,3,,sztzyjy,f6f67bd69dc54d54b84b2e7497e69e0a,hlw-海南省教育厅,E7601L02-V500R001B01D021_RC27,dbaas,6fee0416-6e3d-45b6-9a71-42a4ab1e9a4f,jyt-131-0-24,,True,0G,['10.148.131.0/24'],2025-10-20 10:00:08,10.148.131.8,rabbitmq,admin,1,False,MQS-NingOS-X86-MQS-1.6,NingOS,x86,HLW_HG4_Domain01,djgmq001-rabbitmq-master-1-99228-0,10.148.131.14,8,16384,100,MIRROR_ALL,/var/log/rabbitmq,{'RABBITMQ': '3.7.4'},/var/lib/rabbitmq
5b0c6e16-6bf7-47e0-90d2-258f4912882a,djgmq001,ACTIVE,3,3,,sztzyjy,f6f67bd69dc54d54b84b2e7497e69e0a,hlw-海南省教育厅,E7601L02-V500R001B01D021_RC27,dbaas,6fee0416-6e3d-45b6-9a71-42a4ab1e9a4f,jyt-131-0-24,,True,0G,['10.148.131.0/24'],2025-10-20 10:00:08,10.148.131.8,rabbitmq,admin,1,False,MQS-NingOS-X86-MQS-1.6,NingOS,x86,HLW_HG4_Domain01,djgmq001-rabbitmq-master-2-25fa3-0,10.148.131.56,8,16384,100,MIRROR_ALL,/var/log/rabbitmq,{'RABBITMQ': '3.7.4'},/var/lib/rabbitmq
a11d8226-718d-46d6-a158-b6bd1395d52b,djgmq003,ACTIVE,3,3,,sztzyjy,f6f67bd69dc54d54b84b2e7497e69e0a,hlw-海南省教育厅,E7601L02-V500R001B01D021_RC27,dbaas,6fee0416-6e3d-45b6-9a71-42a4ab1e9a4f,jyt-131-0-24,,True,0G,['10.148.131.0/24'],2025-10-17 18:19:14,10.148.131.3,rabbitmq,admin,1,False,MQS-NingOS-X86-MQS-1.6,NingOS,x86,HLW_HG4_Domain01,djgmq003-rabbitmq-master-1-cf213-0,10.148.131.141,4,15360,300,MIRROR_ALL,/var/log/rabbitmq,{'RABBITMQ': '3.7.4'},/var/lib/rabbitmq
a11d8226-718d-46d6-a158-b6bd1395d52b,djgmq003,ACTIVE,3,3,,sztzyjy,f6f67bd69dc54d54b84b2e7497e69e0a,hlw-海南省教育厅,E7601L02-V500R001B01D021_RC27,dbaas,6fee0416-6e3d-45b6-9a71-42a4ab1e9a4f,jyt-131-0-24,,True,0G,['10.148.131.0/24'],2025-10-17 18:19:14,10.148.131.3,rabbitmq,admin,1,False,MQS-NingOS-X86-MQS-1.6,NingOS,x86,HLW_HG4_Domain01,djgmq003-rabbitmq-master-2-137b5-0,10.148.131.217,4,15360,300,MIRROR_ALL,/var/log/rabbitmq,{'RABBITMQ': '3.7.4'},/var/lib/rabbitmq
a11d8226-718d-46d6-a158-b6bd1395d52b,djgmq003,ACTIVE,3,3,,sztzyjy,f6f67bd69dc54d54b84b2e7497e69e0a,hlw-海南省教育厅,E7601L02-V500R001B01D021_RC27,dbaas,6fee0416-6e3d-45b6-9a71-42a4ab1e9a4f,jyt-131-0-24,,True,0G,['10.148.131.0/24'],2025-10-17 18:19:14,10.148.131.3,rabbitmq,admin,1,False,MQS-NingOS-X86-MQS-1.6,NingOS,x86,HLW_HG4_Domain01,djgmq003-rabbitmq-core-1-9fe38-0,10.148.131.242,4,15360,300,MIRROR_ALL,/var/log/rabbitmq,{'RABBITMQ': '3.7.4'},/var/lib/rabbitmq
