name,status,nodeNumber,availabilityZone.id,availabilityZone.zone,availabilityZone.virtType,username,projectName,neutronManagementNetworkName,nodeGroups.0.id,nodeGroups.0.name,nodeGroups.0.nodeProcesses.0,nodeGroups.0.nodeProcesses.1,nodeGroups.0.nodeProcesses.2,nodeGroups.0.availabilityZone,nodeGroups.0.instances.0.instanceName,nodeGroups.0.instances.0.instanceId,nodeGroups.0.instances.0.internalIp,nodeGroups.0.instances.0.managementIp,nodeGroups.0.instances.0.id,nodeGroups.0.nodeGroupTemplateId,nodeGroups.0.count,nodeGroups.0.flavorId,nodeGroups.0.cpu,nodeGroups.0.ram,nodeGroups.0.disk,nodeGroups.1.id,nodeGroups.1.name,nodeGroups.1.nodeProcesses.0,nodeGroups.1.nodeProcesses.1,nodeGroups.1.nodeProcesses.2,nodeGroups.1.availabilityZone,nodeGroups.1.instances.0.instanceName,nodeGroups.1.instances.0.instanceId,nodeGroups.1.instances.0.internalIp,nodeGroups.1.instances.0.managementIp,nodeGroups.1.instances.0.id,nodeGroups.1.nodeGroupTemplateId,nodeGroups.1.count,nodeGroups.1.flavorId,nodeGroups.1.cpu,nodeGroups.1.ram,nodeGroups.1.disk,nodeGroups.2.id,nodeGroups.2.name,nodeGroups.2.nodeProcesses.0,nodeGroups.2.nodeProcesses.1,nodeGroups.2.availabilityZone,nodeGroups.2.instances.0.instanceName,nodeGroups.2.instances.0.instanceId,nodeGroups.2.instances.0.internalIp,nodeGroups.2.instances.0.managementIp,nodeGroups.2.instances.0.id,nodeGroups.2.nodeGroupTemplateId,nodeGroups.2.count,nodeGroups.2.flavorId,nodeGroups.2.cpu,nodeGroups.2.ram,nodeGroups.2.disk,realIp,nodeGroups.2.nodeProcesses.2
djgmq018,ACTIVE,3,f4f24bc9-5c6c-4880-a995-699489491f3d,HLW_HG4_Domain01,CAS,sztzyjy,hlw-海南省教育厅,jyt-131-0-24,3c7503c4-cf53-4b30-9e08-2fa80c5e294e,rabbitmq-master-1-2a9c0,AMBARI,AMBARI_AGENT,RABBITMQ,HLW_HG4_Domain01,djgmq018-rabbitmq-master-1-2a9c0-0,09ca1134-f4a1-4cb5-95ad-edbd42dbf668,10.148.131.157,10.148.131.157,14dcb818-17df-4474-bc80-f0ffb1b06d40,adcacb47-5c2c-4e2f-bd3e-e119bfddf124,1,8e02330e-14bc-4e72-9cf5-e4feb8e3f96b,4,12288,100,62588704-009c-4349-8753-427393c35ab3,rabbitmq-master-2-79b14,AMBARI_AGENT,AMBARI_SLAVE,RABBITMQ,HLW_HG4_Domain01,djgmq018-rabbitmq-master-2-79b14-0,2174aad6-ecde-4f6c-80f8-a5cc8bd943d0,10.148.131.49,10.148.131.49,3a17ba26-6064-431f-8d28-2e41fcd42b59,ed23eea2-d97c-4a72-aacc-3bfd2352c78c,1,8e02330e-14bc-4e72-9cf5-e4feb8e3f96b,4,12288,100,d1c24c09-b21c-47a4-8317-5f294ddff8e2,rabbitmq-core-1-7c54e,AMBARI_AGENT,RABBITMQ,HLW_HG4_Domain01,djgmq018-rabbitmq-core-1-7c54e-0,3403302b-23ac-41fc-beac-921c4d8652ee,10.148.131.181,10.148.131.181,8f471b9b-e8c9-4232-857c-8dfbe5a9f515,ca3f2662-8e6c-4d85-a416-e53c4aa398ef,1,8e02330e-14bc-4e72-9cf5-e4feb8e3f96b,4,12288,100,10.148.131.28,
djgmq036,ACTIVE,3,f4f24bc9-5c6c-4880-a995-699489491f3d,HLW_HG4_Domain01,CAS,sztzyjy,hlw-海南省教育厅,jyt-131-0-24,a40bb7d2-06e0-4c59-b972-a084ab568003,rabbitmq-core-1-dff13,AMBARI_AGENT,RABBITMQ,,HLW_HG4_Domain01,djgmq036-rabbitmq-core-1-dff13-0,36429006-b348-4220-a7b6-20faa397117a,10.148.131.143,10.148.131.143,f8387c2e-b86c-43ef-a2dd-21810b7538de,ed669616-2025-49cb-b3b4-d5642591cfcb,1,7a44b5f8-255d-4bf8-ba6e-8e68cf9afeda,4,16384,100,fb01a952-b598-422d-a3f2-4b3f8d0dae71,rabbitmq-master-1-36ab9,AMBARI,AMBARI_AGENT,RABBITMQ,HLW_HG4_Domain01,djgmq036-rabbitmq-master-1-36ab9-0,46f1d040-0fae-4a97-8cc7-17d34f1b6f66,10.148.131.186,10.148.131.186,5494a962-ddf4-42dd-87b1-6023b02806fa,b92e97c1-5c83-4d73-a82d-ab43d37f3eb1,1,7a44b5f8-255d-4bf8-ba6e-8e68cf9afeda,4,16384,100,0e3313ff-c6ff-44fe-bc20-6bf8e2b1a7a0,rabbitmq-master-2-2308e,AMBARI_AGENT,AMBARI_SLAVE,HLW_HG4_Domain01,djgmq036-rabbitmq-master-2-2308e-0,615a7e4c-e0d4-457a-9f4b-5302c6fea170,10.148.131.174,10.148.131.174,85684684-e9e4-4955-a962-72064df1c249,97b872a1-b701-43e4-b39f-0814d007d085,1,7a44b5f8-255d-4bf8-ba6e-8e68cf9afeda,4,16384,100,10.148.131.70,RABBITMQ
djgmq050,ACTIVE,3,f4f24bc9-5c6c-4880-a995-699489491f3d,HLW_HG4_Domain01,CAS,sztzyjy,hlw-海南省教育厅,jst131-025,8501dbab-e5a9-44ec-8bf9-716e5482e7a7,rabbitmq-master-1-9be3b,AMBARI,AMBARI_AGENT,RABBITMQ,HLW_HG4_Domain01,djgmq050-rabbitmq-master-1-9be3b-0,26cc7293-426a-4044-b922-e4a7e0f54e6a,10.148.132.87,10.148.132.87,9203e248-cdec-44dd-a130-d87f95ab679a,2ad9e920-7bd9-4fb3-8125-bc11f43c40d5,1,2ab9156e-04fe-4b17-95d9-911d0df7ab39,8,16384,100,85b46a32-b5e3-402c-8464-57da3bb9b52c,rabbitmq-master-2-8022d,AMBARI_AGENT,AMBARI_SLAVE,RABBITMQ,HLW_HG4_Domain01,djgmq050-rabbitmq-master-2-8022d-0,18663789-44e9-45a7-88c9-9095eef80525,10.148.132.118,10.148.132.118,9d315726-58b4-486e-8967-45a24c01271e,ba73e38d-3ef5-47bc-b8c0-41fa4a817852,1,2ab9156e-04fe-4b17-95d9-911d0df7ab39,8,16384,100,a97d608b-d2bb-4c7f-8f24-68844a234a07,rabbitmq-core-1-75861,AMBARI_AGENT,RABBITMQ,HLW_HG4_Domain01,djgmq050-rabbitmq-core-1-75861-0,3c98cbb6-39e1-4f89-a7a1-45395af48fa6,10.148.132.86,10.148.132.86,c1fd5431-4224-463a-a233-67ab5e8fc8af,f04ff89b-bc62-4572-9947-ade0b6efd95d,1,2ab9156e-04fe-4b17-95d9-911d0df7ab39,8,16384,100,10.148.132.5,
djgmq052,ACTIVE,3,f4f24bc9-5c6c-4880-a995-699489491f3d,HLW_HG4_Domain01,CAS,sztzyjy,hlw-海南省教育厅,jst131-025,9e90c772-6c6b-47e1-afbb-72cee1711e34,rabbitmq-master-1-10099,AMBARI,AMBARI_AGENT,RABBITMQ,HLW_HG4_Domain01,djgmq052-rabbitmq-master-1-10099-0,88a92140-e97f-480a-80db-06babfa1ffd5,10.148.132.114,10.148.132.114,e3368ea4-597d-4bab-8484-5543147df887,ce37a5c3-3635-49bc-bf48-e507898ab1f5,1,2ab9156e-04fe-4b17-95d9-911d0df7ab39,8,16384,100,9da71ef5-690c-46ab-b5e6-f744c74cb813,rabbitmq-master-2-f5aa1,AMBARI_AGENT,AMBARI_SLAVE,RABBITMQ,HLW_HG4_Domain01,djgmq052-rabbitmq-master-2-f5aa1-0,7612c810-c6dd-4d4b-95d7-fbe3de28de27,10.148.132.40,10.148.132.40,807a84ae-6318-49d8-bc35-36b531334073,5177defc-3d9f-4e38-8cf1-70dae5ca9b5f,1,2ab9156e-04fe-4b17-95d9-911d0df7ab39,8,16384,100,f01e0c1f-5355-4e4a-8561-091c5c7e47dd,rabbitmq-core-1-30c21,AMBARI_AGENT,RABBITMQ,HLW_HG4_Domain01,djgmq052-rabbitmq-core-1-30c21-0,6763b8e7-dba2-4ba5-b29d-de0fbbd61fb8,10.148.132.107,10.148.132.107,41587ef0-1e62-4e4f-b914-87152f8564e0,08b19f07-3cf3-416d-9896-37fd548a71bf,1,2ab9156e-04fe-4b17-95d9-911d0df7ab39,8,16384,100,10.148.132.11,
djgmq056,ACTIVE,3,f4f24bc9-5c6c-4880-a995-699489491f3d,HLW_HG4_Domain01,CAS,sztzyjy,hlw-海南省教育厅,jst131-025,5e60b741-c1d0-460e-aa97-1b354e9dfadd,rabbitmq-master-1-6f8dd,AMBARI,AMBARI_AGENT,RABBITMQ,HLW_HG4_Domain01,djgmq056-rabbitmq-master-1-6f8dd-0,05543258-81b8-457b-b360-0f05b0ba3d95,10.148.132.105,10.148.132.105,46ea6aa8-d5b6-4594-849b-fc38c37fd7b6,528f41bf-8385-4c36-8c63-404b10173a08,1,2ab9156e-04fe-4b17-95d9-911d0df7ab39,8,16384,100,f6a4ea0b-7551-4f40-a14c-a326af6cc4d4,rabbitmq-master-2-586b0,AMBARI_AGENT,AMBARI_SLAVE,RABBITMQ,HLW_HG4_Domain01,djgmq056-rabbitmq-master-2-586b0-0,3d3b2618-1808-42c7-badc-1e60c033b8d3,10.148.132.23,10.148.132.23,f9a93182-a6a2-477d-9d4d-ac05b146ea77,77c5fcf7-5189-44aa-a9b7-4a23483292c9,1,2ab9156e-04fe-4b17-95d9-911d0df7ab39,8,16384,100,bbbadcbe-b269-4b12-a6c9-2ba66207572b,rabbitmq-core-1-d7632,AMBARI_AGENT,RABBITMQ,HLW_HG4_Domain01,djgmq056-rabbitmq-core-1-d7632-0,c28967f1-27ad-4eba-8413-bc0f949a4bba,10.148.132.29,10.148.132.29,7fe8e4d1-ae79-4b5e-a746-01cb4a141ae8,3e9cc979-be7d-43ba-b155-7b91a0da079f,1,2ab9156e-04fe-4b17-95d9-911d0df7ab39,8,16384,100,10.148.132.10,
djgmq055,ACTIVE,3,f4f24bc9-5c6c-4880-a995-699489491f3d,HLW_HG4_Domain01,CAS,sztzyjy,hlw-海南省教育厅,jst131-025,a2d7d404-cfaa-42e4-a400-636b2ab4dc7a,rabbitmq-master-1-f6bdc,AMBARI,AMBARI_AGENT,RABBITMQ,HLW_HG4_Domain01,djgmq055-rabbitmq-master-1-f6bdc-0,91fb0c29-935d-40fc-84c7-81b165812afe,10.148.132.83,10.148.132.83,7c48bd03-983d-4b71-a5e3-b9d2806a58de,fd06dadc-b709-4ad7-847d-f65d81fcff53,1,2ab9156e-04fe-4b17-95d9-911d0df7ab39,8,16384,100,952e7664-ba4e-4854-9dab-f9c98a90c987,rabbitmq-master-2-797e1,AMBARI_AGENT,AMBARI_SLAVE,RABBITMQ,HLW_HG4_Domain01,djgmq055-rabbitmq-master-2-797e1-0,eba11062-12b6-4eda-afc0-1fbb2a39f8ca,10.148.132.125,10.148.132.125,0fdc6b4f-15f8-4d2f-8a97-cebf55441242,cddc6ec4-b7b8-496e-9d95-947952246fb3,1,2ab9156e-04fe-4b17-95d9-911d0df7ab39,8,16384,100,6f523783-d326-4f94-b599-6f294a565e3f,rabbitmq-core-1-ea1fa,AMBARI_AGENT,RABBITMQ,HLW_HG4_Domain01,djgmq055-rabbitmq-core-1-ea1fa-0,e490e7da-7fe4-4fa0-9cc8-f4e73b6f24dd,10.148.132.43,10.148.132.43,b9883d8e-7322-4a82-b8cd-b0ef599fb646,e360f900-ff59-4302-b487-56cb236dc54c,1,2ab9156e-04fe-4b17-95d9-911d0df7ab39,8,16384,100,10.148.132.8,
djgmq054,ACTIVE,3,f4f24bc9-5c6c-4880-a995-699489491f3d,HLW_HG4_Domain01,CAS,sztzyjy,hlw-海南省教育厅,jst131-025,c7757514-b159-4da5-997f-92896a286a12,rabbitmq-master-1-38d46,AMBARI,AMBARI_AGENT,RABBITMQ,HLW_HG4_Domain01,djgmq054-rabbitmq-master-1-38d46-0,c7b22e9a-e869-4f7a-b874-b51422fb5bc2,10.148.132.49,10.148.132.49,625b731e-8373-4212-843a-83b3cf95fd04,21d22400-e8dd-492f-8d02-3e3aa96d1dee,1,2ab9156e-04fe-4b17-95d9-911d0df7ab39,8,16384,100,409a1c08-0bb7-4c41-bffa-e0f010cf9321,rabbitmq-master-2-57684,AMBARI_AGENT,AMBARI_SLAVE,RABBITMQ,HLW_HG4_Domain01,djgmq054-rabbitmq-master-2-57684-0,45243580-d039-40db-833b-257dba97eb6f,10.148.132.54,10.148.132.54,8bd17f46-0cae-4d8f-98ad-733016dd3136,f62e7bc0-6dd1-4b15-80c8-2341e14ad618,1,2ab9156e-04fe-4b17-95d9-911d0df7ab39,8,16384,100,9f6e7450-b128-4483-96c9-4e3f919e8728,rabbitmq-core-1-dfbe2,AMBARI_AGENT,RABBITMQ,HLW_HG4_Domain01,djgmq054-rabbitmq-core-1-dfbe2-0,27f2bad8-08e2-4d85-97c0-4d1c146dd741,10.148.132.64,10.148.132.64,29274dff-75bb-492a-b07f-c1e55b17d517,6a5f57be-b94e-41a9-aee4-e95293561a12,1,2ab9156e-04fe-4b17-95d9-911d0df7ab39,8,16384,100,10.148.132.7,
djgmq051,ACTIVE,3,f4f24bc9-5c6c-4880-a995-699489491f3d,HLW_HG4_Domain01,CAS,sztzyjy,hlw-海南省教育厅,jst131-025,e82a9566-de74-49af-a865-e82113b130b0,rabbitmq-core-1-2a1c6,AMBARI_AGENT,RABBITMQ,,HLW_HG4_Domain01,djgmq051-rabbitmq-core-1-2a1c6-0,fcdeee10-6802-4fec-9a0a-da5c55ef5495,10.148.132.24,10.148.132.24,a5bcc53c-7c78-42c5-8e8a-8703103fac0b,c53fb892-9ce2-4e35-bf2a-89a59a9f5bc7,1,2ab9156e-04fe-4b17-95d9-911d0df7ab39,8,16384,100,a4aebf73-eb45-42f9-b1cd-e875959e8490,rabbitmq-master-2-9ac85,AMBARI_AGENT,AMBARI_SLAVE,RABBITMQ,HLW_HG4_Domain01,djgmq051-rabbitmq-master-2-9ac85-0,d4168d1d-3572-4ccd-aca4-9268dcc39e95,10.148.132.28,10.148.132.28,175487c5-776a-4d57-8d43-9156ca6ef723,84542fca-05e1-4529-b652-dbd05ed48926,1,2ab9156e-04fe-4b17-95d9-911d0df7ab39,8,16384,100,d1a9bed0-06f9-4b99-8b7f-daa9f935e0b2,rabbitmq-master-1-5e11d,AMBARI,AMBARI_AGENT,HLW_HG4_Domain01,djgmq051-rabbitmq-master-1-5e11d-0,46e72446-a2b7-47eb-9e56-9e074ddd55be,10.148.132.30,10.148.132.30,978c2635-d025-4594-92a1-8f585afd202c,23af90f0-68ac-4da7-beb2-961d88c686e7,1,2ab9156e-04fe-4b17-95d9-911d0df7ab39,8,16384,100,10.148.132.6,RABBITMQ
djgmq047,ACTIVE,3,f4f24bc9-5c6c-4880-a995-699489491f3d,HLW_HG4_Domain01,CAS,sztzyjy,hlw-海南省教育厅,jst131-025,ba086607-1c41-4e7d-98a7-c327abb7167a,rabbitmq-master-1-3365e,AMBARI,AMBARI_AGENT,RABBITMQ,HLW_HG4_Domain01,djgmq047-rabbitmq-master-1-3365e-0,63ef0248-b5b0-42e3-b6e5-d922d84aa9e3,10.148.132.69,10.148.132.69,dc54d6a9-c021-4231-a477-a429f1df295a,99bfdf2a-9ddb-45fd-bc1c-75741b1893da,1,2ab9156e-04fe-4b17-95d9-911d0df7ab39,8,16384,100,c511ff0c-3278-4fa8-9e10-aa2eaa3b6dfb,rabbitmq-master-2-ba7fe,AMBARI_AGENT,AMBARI_SLAVE,RABBITMQ,HLW_HG4_Domain01,djgmq047-rabbitmq-master-2-ba7fe-0,bb538878-548a-47d8-94d5-2139548a1249,10.148.132.34,10.148.132.34,85b55014-036f-433a-8b13-9f0517c73c4e,67a15f24-27dc-4375-a601-41c3aa9e66e4,1,2ab9156e-04fe-4b17-95d9-911d0df7ab39,8,16384,100,a5e5b78f-1725-4df2-bb4c-17b55f4728f7,rabbitmq-core-1-5db27,AMBARI_AGENT,RABBITMQ,HLW_HG4_Domain01,djgmq047-rabbitmq-core-1-5db27-0,166ab9e8-4e21-4ca0-b49d-1166735a6efc,10.148.132.103,10.148.132.103,1bc8b6ac-43fa-4483-b84a-37045ef6b67e,fb9612da-f6b7-4a67-b17f-b1c28c82827c,1,2ab9156e-04fe-4b17-95d9-911d0df7ab39,8,16384,100,10.148.132.4,
djgmq046,ACTIVE,3,f4f24bc9-5c6c-4880-a995-699489491f3d,HLW_HG4_Domain01,CAS,sztzyjy,hlw-海南省教育厅,jst131-025,2dafa6e4-c50e-4156-9ddd-2756de6e2ed0,rabbitmq-core-1-da9bf,AMBARI_AGENT,RABBITMQ,,HLW_HG4_Domain01,djgmq046-rabbitmq-core-1-da9bf-0,e07ccdf6-3aeb-4bd5-b621-e47142480ed6,10.148.132.96,10.148.132.96,5a2cac50-093c-4f06-ad7e-c523787f4a7a,698db0ff-ec81-4709-8be4-86aeb838f46e,1,2ab9156e-04fe-4b17-95d9-911d0df7ab39,8,16384,100,fee190eb-d592-4ae1-baee-166215d336dc,rabbitmq-master-1-4dd36,AMBARI,AMBARI_AGENT,RABBITMQ,HLW_HG4_Domain01,djgmq046-rabbitmq-master-1-4dd36-0,504c9d03-761a-4dfd-a522-7ebaaa9f6f69,10.148.132.9,10.148.132.9,9f33d3a2-e667-45f8-82d0-e139080bdc88,1255a126-d8d1-456b-8d49-3c3bc66d60fc,1,2ab9156e-04fe-4b17-95d9-911d0df7ab39,8,16384,100,209a4df7-a0e0-453b-9257-7fa54e8370d9,rabbitmq-master-2-ec877,AMBARI_AGENT,AMBARI_SLAVE,HLW_HG4_Domain01,djgmq046-rabbitmq-master-2-ec877-0,3034dc55-81b1-4f98-9737-cd66aac879d9,10.148.132.55,10.148.132.55,c0a83373-f14a-4a69-bf10-8aca1055f3f2,6e37f604-63a0-414e-8d8c-d626c3ed353b,1,2ab9156e-04fe-4b17-95d9-911d0df7ab39,8,16384,100,10.148.132.3,RABBITMQ
djqmg049,ACTIVE,3,f4f24bc9-5c6c-4880-a995-699489491f3d,HLW_HG4_Domain01,CAS,sztzyjy,hlw-海南省教育厅,jyt-131-0-24,da381dbb-230c-49fa-89fb-83f3029614db,rabbitmq-master-1-0ed31,AMBARI,AMBARI_AGENT,RABBITMQ,HLW_HG4_Domain01,djqmg049-rabbitmq-master-1-0ed31-0,67446b71-a35e-4509-9358-c14152df5fdc,10.148.131.163,10.148.131.163,652928d8-65c8-43b5-9f06-0078059b0bf6,b58696a3-9983-4a64-afc1-983979523ab7,1,2ab9156e-04fe-4b17-95d9-911d0df7ab39,8,16384,100,a2bbdabb-adc9-4a76-a6ab-767310c06a8e,rabbitmq-master-2-3ddae,AMBARI_AGENT,AMBARI_SLAVE,RABBITMQ,HLW_HG4_Domain01,djqmg049-rabbitmq-master-2-3ddae-0,5328fcc1-2bd3-4625-b453-dac8c85f2f28,10.148.131.164,10.148.131.164,b908b20b-18d8-4e4c-9f3e-969f216a5d58,c07116cf-4073-4632-8a0f-2f68a1778ade,1,2ab9156e-04fe-4b17-95d9-911d0df7ab39,8,16384,100,5e287727-8736-43dd-9b23-7708cc99c168,rabbitmq-core-1-607f1,AMBARI_AGENT,RABBITMQ,HLW_HG4_Domain01,djqmg049-rabbitmq-core-1-607f1-0,790c0876-8f10-4c91-9f9e-0e38eac3bf62,10.148.131.169,10.148.131.169,9d0214fc-6bac-4a60-bf94-6762ac845a28,d8e1fcda-f13d-4e2d-b2c9-76c4cfad143d,1,2ab9156e-04fe-4b17-95d9-911d0df7ab39,8,16384,100,10.148.131.160,
djgmq053,ACTIVE,3,f4f24bc9-5c6c-4880-a995-699489491f3d,HLW_HG4_Domain01,CAS,sztzyjy,hlw-海南省教育厅,jst131-025,e0a3ed8a-913d-4f73-84d8-95d239150242,rabbitmq-master-2-273e4,AMBARI_AGENT,AMBARI_SLAVE,RABBITMQ,HLW_HG4_Domain01,djgmq053-rabbitmq-master-2-273e4-0,d445331e-bba3-4455-a990-d0580c37b347,10.148.132.59,10.148.132.59,4dfb8ca9-770a-40ee-86d1-90d90c7df9df,1e942c4f-809d-41c3-b78e-766b944e9c05,1,2ab9156e-04fe-4b17-95d9-911d0df7ab39,8,16384,100,e58b3622-3de2-43ed-aea2-842cf464241b,rabbitmq-core-1-72020,AMBARI_AGENT,RABBITMQ,,HLW_HG4_Domain01,djgmq053-rabbitmq-core-1-72020-0,538c857c-1d41-45b9-b92f-950c1b1d7398,10.148.132.126,10.148.132.126,dd54e5d8-3743-45f1-b4ce-8e139eadcbc1,4ce1b81e-5ff8-46d8-9da0-fc4ad3dfe38c,1,2ab9156e-04fe-4b17-95d9-911d0df7ab39,8,16384,100,a771c8a9-4fb6-42d5-9e58-f7b67ab68c34,rabbitmq-master-1-16fb7,AMBARI,AMBARI_AGENT,HLW_HG4_Domain01,djgmq053-rabbitmq-master-1-16fb7-0,776308e7-66ab-4ff0-b1b0-3567bb848a87,10.148.132.121,10.148.132.121,04220589-74e4-49e7-86dc-f484514b0c9b,ae6a9044-86f4-4239-97a1-dd82b570df04,1,2ab9156e-04fe-4b17-95d9-911d0df7ab39,8,16384,100,10.148.132.2,RABBITMQ
djgmq048,ACTIVE,3,f4f24bc9-5c6c-4880-a995-699489491f3d,HLW_HG4_Domain01,CAS,sztzyjy,hlw-海南省教育厅,jyt-131-0-24,817295a0-f8df-4b64-ae36-5148046cd4f7,rabbitmq-master-1-f4fe4,AMBARI,AMBARI_AGENT,RABBITMQ,HLW_HG4_Domain01,djgmq048-rabbitmq-master-1-f4fe4-0,a1a62a48-fa1c-48b9-8332-59ab09fc0111,10.148.131.125,10.148.131.125,cb22c887-3664-4e41-a201-38abd8ddbba9,2e5c6b3b-0444-4f97-afb9-8057974f127e,1,2ab9156e-04fe-4b17-95d9-911d0df7ab39,8,16384,100,9f46a020-2b96-474b-a6cc-486d1c726cbb,rabbitmq-master-2-15e18,AMBARI_AGENT,AMBARI_SLAVE,RABBITMQ,HLW_HG4_Domain01,djgmq048-rabbitmq-master-2-15e18-0,fe7a0aaf-b3ac-4355-92d2-a18dee4ae8e3,10.148.131.132,10.148.131.132,1ae13436-0114-4674-aef5-9f9b127a4eae,7cfc99be-edac-4206-8362-41f1ade6c388,1,2ab9156e-04fe-4b17-95d9-911d0df7ab39,8,16384,100,fa433183-2493-4dff-bf04-2ddcf7d30547,rabbitmq-core-1-3c725,AMBARI_AGENT,RABBITMQ,HLW_HG4_Domain01,djgmq048-rabbitmq-core-1-3c725-0,d64cbeab-4630-49ff-aaae-b870e8380d0f,10.148.131.138,10.148.131.138,7fef379d-2d33-44a7-959e-4591d0314a7d,3dd3e2ed-fbd2-4b15-bcc2-58fe618c0f4c,1,2ab9156e-04fe-4b17-95d9-911d0df7ab39,8,16384,100,10.148.131.120,
djgmq044,ACTIVE,3,f4f24bc9-5c6c-4880-a995-699489491f3d,HLW_HG4_Domain01,CAS,sztzyjy,hlw-海南省教育厅,jyt-131-0-24,26df044f-e6a9-4e1f-abd6-967d44e7693e,rabbitmq-master-1-8b2eb,AMBARI,AMBARI_AGENT,RABBITMQ,HLW_HG4_Domain01,djgmq044-rabbitmq-master-1-8b2eb-0,6636b54d-4495-4da7-accc-33636f3e7ea5,10.148.131.107,10.148.131.107,92c6b489-7597-49fc-a373-f0abf1c3c73a,ffa6a935-e501-4fdc-a49d-e5d402715a1c,1,2ab9156e-04fe-4b17-95d9-911d0df7ab39,8,16384,100,934b2417-33a1-4816-a036-06b4e1325db1,rabbitmq-master-2-1a6e1,AMBARI_AGENT,AMBARI_SLAVE,RABBITMQ,HLW_HG4_Domain01,djgmq044-rabbitmq-master-2-1a6e1-0,c3edb46e-8323-4bbb-9214-99fc255db4f0,10.148.131.108,10.148.131.108,884c1128-e029-4828-ad39-2246b584bb24,20e2b575-b859-4520-86f6-b3a9598cc373,1,2ab9156e-04fe-4b17-95d9-911d0df7ab39,8,16384,100,857d9b11-3ddd-4387-acd3-d5ff7efff9c5,rabbitmq-core-1-8a0b9,AMBARI_AGENT,RABBITMQ,HLW_HG4_Domain01,djgmq044-rabbitmq-core-1-8a0b9-0,dd9bbb25-92f1-4495-b79e-7e667b744b19,10.148.131.109,10.148.131.109,b3dadde9-e9e6-4aa2-ae32-c86d410cda89,25943517-7e93-4d9f-9526-1054722b114f,1,2ab9156e-04fe-4b17-95d9-911d0df7ab39,8,16384,100,10.148.131.111,
djgmq045,ACTIVE,3,f4f24bc9-5c6c-4880-a995-699489491f3d,HLW_HG4_Domain01,CAS,sztzyjy,hlw-海南省教育厅,jyt-131-0-24,25713458-a3ae-4d36-95f2-b700d46a4c36,rabbitmq-master-1-a9f65,AMBARI,AMBARI_AGENT,RABBITMQ,HLW_HG4_Domain01,djgmq045-rabbitmq-master-1-a9f65-0,1a576e96-455a-46c2-9f19-a9d594c2ac4b,10.148.131.146,10.148.131.146,bf15928f-fda1-46a8-ad76-b9c0f1325292,eba8f821-b8f2-4a7e-bb78-57cee82bf73c,1,2ab9156e-04fe-4b17-95d9-911d0df7ab39,8,16384,100,c4006434-3aa5-4535-ad0b-f68bd1050b18,rabbitmq-master-2-b920c,AMBARI_AGENT,AMBARI_SLAVE,RABBITMQ,HLW_HG4_Domain01,djgmq045-rabbitmq-master-2-b920c-0,e35709bb-ff29-4da0-a117-274cf90f8306,10.148.131.161,10.148.131.161,04891d71-dbb0-44d8-9857-edf0ef99c93d,712115cc-b5f9-4624-8279-e6eba2dff1e8,1,2ab9156e-04fe-4b17-95d9-911d0df7ab39,8,16384,100,4efa391c-7577-4a45-9cd7-728adceea1a7,rabbitmq-core-1-1b550,AMBARI_AGENT,RABBITMQ,HLW_HG4_Domain01,djgmq045-rabbitmq-core-1-1b550-0,3754652e-10c3-42c7-a7af-f2eac223a9d3,10.148.131.252,10.148.131.252,38cee20c-db29-4d20-abdc-aec17f3dfc16,af9b3221-ec9e-469f-ad99-714e47e506e4,1,2ab9156e-04fe-4b17-95d9-911d0df7ab39,8,16384,100,10.148.131.100,
djgmq043,ACTIVE,3,f4f24bc9-5c6c-4880-a995-699489491f3d,HLW_HG4_Domain01,CAS,sztzyjy,hlw-海南省教育厅,jyt-131-0-24,a431017c-92cd-463f-9f03-fbda26465be7,rabbitmq-master-1-fc5c6,AMBARI,AMBARI_AGENT,RABBITMQ,HLW_HG4_Domain01,djgmq043-rabbitmq-master-1-fc5c6-0,1b0cd50a-f117-493e-bafd-1f123da8a5a8,10.148.131.239,10.148.131.239,f97a9d64-9d85-4f9b-b037-571f9f7a9aeb,0c5563cf-70b6-46b2-a90f-483cd165ec35,1,2ab9156e-04fe-4b17-95d9-911d0df7ab39,8,16384,100,8c7680b2-0702-427b-b215-1023d01b9958,rabbitmq-master-2-f11c9,AMBARI_AGENT,AMBARI_SLAVE,RABBITMQ,HLW_HG4_Domain01,djgmq043-rabbitmq-master-2-f11c9-0,265169cc-0043-4fd0-b7a0-563fc053d7a6,10.148.131.134,10.148.131.134,b44a919c-40c2-4844-a982-c6c18aaa99f6,44b5fcc9-8b37-4553-a4c7-a995cd0d308b,1,2ab9156e-04fe-4b17-95d9-911d0df7ab39,8,16384,100,77d57f50-3205-4888-95d9-a020375dafa7,rabbitmq-core-1-2bd59,AMBARI_AGENT,RABBITMQ,HLW_HG4_Domain01,djgmq043-rabbitmq-core-1-2bd59-0,14d98725-db45-40a6-9a44-d944bae767b5,10.148.131.214,10.148.131.214,abcabea0-7c01-4ded-b1fd-d3c65b16f241,3e53cbaa-bfd8-4565-bd5a-57aa83f01cdb,1,2ab9156e-04fe-4b17-95d9-911d0df7ab39,8,16384,100,10.148.131.98,
djgmq042,ACTIVE,3,f4f24bc9-5c6c-4880-a995-699489491f3d,HLW_HG4_Domain01,CAS,sztzyjy,hlw-海南省教育厅,jyt-131-0-24,896911e8-42d1-4b2e-8716-ff67f848fde6,rabbitmq-master-1-9a57c,AMBARI,AMBARI_AGENT,RABBITMQ,HLW_HG4_Domain01,djgmq042-rabbitmq-master-1-9a57c-0,4dfc69be-a265-4cf1-b78b-01568996b93b,10.148.131.150,10.148.131.150,22ea8ff7-5ba3-4a7f-852b-80c5cc2b9217,0ae48b9a-3edd-4dd0-bf3e-9e91e40ae32c,1,2ab9156e-04fe-4b17-95d9-911d0df7ab39,8,16384,100,3a474b91-75b0-4665-b0b0-ef48008cd928,rabbitmq-master-2-61b93,AMBARI_AGENT,AMBARI_SLAVE,RABBITMQ,HLW_HG4_Domain01,djgmq042-rabbitmq-master-2-61b93-0,cd298eca-dbb2-419f-9386-f5c29f080b23,10.148.131.192,10.148.131.192,ad4e8e06-fe02-41a0-a4ae-ad570998b3d3,61e37952-6316-4db1-b5d6-b8bbd9836d95,1,2ab9156e-04fe-4b17-95d9-911d0df7ab39,8,16384,100,aed60cbd-cd31-4e86-85fa-3a72f8755c6c,rabbitmq-core-1-012e5,AMBARI_AGENT,RABBITMQ,HLW_HG4_Domain01,djgmq042-rabbitmq-core-1-012e5-0,54f22ba2-ebfe-4966-8623-85818ec4d5e2,10.148.131.195,10.148.131.195,44341d64-7862-4e67-98b5-da63a4d861af,3bbab7b3-1ba5-4eda-9e79-05c66df9b5d4,1,2ab9156e-04fe-4b17-95d9-911d0df7ab39,8,16384,100,10.148.131.96,
djgmq039,ACTIVE,3,f4f24bc9-5c6c-4880-a995-699489491f3d,HLW_HG4_Domain01,CAS,sztzyjy,hlw-海南省教育厅,jyt-131-0-24,7af3c34e-e11b-4548-b12d-4201c966a6b9,rabbitmq-core-1-1e97a,AMBARI_AGENT,RABBITMQ,,HLW_HG4_Domain01,djgmq039-rabbitmq-core-1-1e97a-0,189a42c7-0899-48cf-bfed-b90e78f75299,10.148.131.230,10.148.131.230,ec31e0ca-5434-4f5e-a1fb-3e16bc35681f,f7ed881c-1fee-46d8-98f4-f23742c111b8,1,2ab9156e-04fe-4b17-95d9-911d0df7ab39,8,16384,100,78d23b68-b379-4cb0-94af-768ed79196a2,rabbitmq-master-1-e2bc6,AMBARI,AMBARI_AGENT,RABBITMQ,HLW_HG4_Domain01,djgmq039-rabbitmq-master-1-e2bc6-0,82c42539-b44a-45c3-94b6-33ca62eaa110,10.148.131.216,10.148.131.216,f646914d-ecb2-4595-b1ee-0719db3fa9a8,e9834d9c-1273-4353-8554-87bff8b283af,1,2ab9156e-04fe-4b17-95d9-911d0df7ab39,8,16384,100,594c3c29-4ca8-4915-9b0e-7c437872b9bd,rabbitmq-master-2-da855,AMBARI_AGENT,AMBARI_SLAVE,HLW_HG4_Domain01,djgmq039-rabbitmq-master-2-da855-0,d5c7a9ac-1303-4e3e-a337-26d73b68ee2d,10.148.131.97,10.148.131.97,867bbd82-e08f-4437-a0ef-376be200cfa1,44c53e8d-e6da-4e9c-9b17-62a1c308d3ec,1,2ab9156e-04fe-4b17-95d9-911d0df7ab39,8,16384,100,10.148.131.95,RABBITMQ
djgmq041,ACTIVE,3,f4f24bc9-5c6c-4880-a995-699489491f3d,HLW_HG4_Domain01,CAS,sztzyjy,hlw-海南省教育厅,jyt-131-0-24,316a5f55-1517-46a2-ad13-d6b69b21e052,rabbitmq-core-1-509fe,AMBARI_AGENT,RABBITMQ,,HLW_HG4_Domain01,djgmq041-rabbitmq-core-1-509fe-0,4d1cf73d-3dac-4679-b3fc-33b0351273c0,10.148.131.201,10.148.131.201,041a6d21-510b-4774-ac8d-d7143b6752a0,b1761ef4-4e75-49d5-9b0b-c4e23aca068f,1,2ab9156e-04fe-4b17-95d9-911d0df7ab39,8,16384,100,04884cd1-8e5c-4dd5-88ea-ae18d6de66e1,rabbitmq-master-1-b9f2e,AMBARI,AMBARI_AGENT,RABBITMQ,HLW_HG4_Domain01,djgmq041-rabbitmq-master-1-b9f2e-0,447f1e52-d639-4bd7-9e87-c620270e2366,10.148.131.171,10.148.131.171,66aab87e-2052-4550-896e-a34ffd013c17,08b8de3a-a77b-42b0-abb7-49f17f3372fe,1,2ab9156e-04fe-4b17-95d9-911d0df7ab39,8,16384,100,bc78527f-6db2-4e36-8ba5-10c9c0169a0c,rabbitmq-master-2-b1a33,AMBARI_AGENT,AMBARI_SLAVE,HLW_HG4_Domain01,djgmq041-rabbitmq-master-2-b1a33-0,0dd6e30a-32a1-438c-bbef-6213be4df085,10.148.131.154,10.148.131.154,98e095a9-fc29-472f-8df9-9332d46d7220,bfd7d4b9-e4c8-4067-95b2-b0afbe8e75f4,1,2ab9156e-04fe-4b17-95d9-911d0df7ab39,8,16384,100,10.148.131.93,RABBITMQ
djgmq040,ACTIVE,3,f4f24bc9-5c6c-4880-a995-699489491f3d,HLW_HG4_Domain01,CAS,sztzyjy,hlw-海南省教育厅,jyt-131-0-24,1ac8ca65-d23a-4c3f-85ce-20839faac9f1,rabbitmq-core-1-50a08,AMBARI_AGENT,RABBITMQ,,HLW_HG4_Domain01,djgmq040-rabbitmq-core-1-50a08-0,91aa5bb5-4cd3-4e82-ad61-4ebe15d18990,10.148.131.168,10.148.131.168,19fc2c65-ece1-4489-9411-7cb9a3aff484,b8814aed-c46b-4c1a-aaf8-e4fbe9c70617,1,2ab9156e-04fe-4b17-95d9-911d0df7ab39,8,16384,100,e8039110-e290-4a1b-b0bf-80dd272f168c,rabbitmq-master-1-69b35,AMBARI,AMBARI_AGENT,RABBITMQ,HLW_HG4_Domain01,djgmq040-rabbitmq-master-1-69b35-0,00902708-f7dd-4e29-8c06-ac58548d8734,10.148.131.129,10.148.131.129,64fb6bfc-7fc4-4126-9f56-11cc0b67d7f1,ad5a347a-45e5-4555-bfc4-293d223cc246,1,2ab9156e-04fe-4b17-95d9-911d0df7ab39,8,16384,100,79dd706b-5f2e-4f12-a264-4e9ae5329a8b,rabbitmq-master-2-91678,AMBARI_AGENT,AMBARI_SLAVE,HLW_HG4_Domain01,djgmq040-rabbitmq-master-2-91678-0,958d50fd-22c9-4fc9-8205-30a1576e5762,10.148.131.128,10.148.131.128,213e1795-adc6-4ddb-a14a-aecfac3a9a31,99754883-2f98-4a17-bb35-e381048c1aac,1,2ab9156e-04fe-4b17-95d9-911d0df7ab39,8,16384,100,10.148.131.89,RABBITMQ
djgmq037,ACTIVE,3,f4f24bc9-5c6c-4880-a995-699489491f3d,HLW_HG4_Domain01,CAS,sztzyjy,hlw-海南省教育厅,jyt-131-0-24,d2c06835-9a06-4c5b-8096-40be1dfe23aa,rabbitmq-master-1-fbdba,AMBARI,AMBARI_AGENT,RABBITMQ,HLW_HG4_Domain01,djgmq037-rabbitmq-master-1-fbdba-0,5caa6df8-8253-4de1-8b6f-c2890feb0faf,10.148.131.110,10.148.131.110,6d365c59-1704-4b27-9888-64b76b719388,2813b54d-0a9e-4e92-b00b-b784e67806e3,1,2ab9156e-04fe-4b17-95d9-911d0df7ab39,8,16384,100,7ce2ce59-773b-4d52-afc0-36292ad37b11,rabbitmq-core-1-e2f25,AMBARI_AGENT,RABBITMQ,,HLW_HG4_Domain01,djgmq037-rabbitmq-core-1-e2f25-0,c159f07e-79e6-4a83-97d9-d132da15f8e9,10.148.131.183,10.148.131.183,453450aa-5a8c-4942-8dcc-511d4b1bc975,e1564301-314d-491c-a886-51efd3937c34,1,2ab9156e-04fe-4b17-95d9-911d0df7ab39,8,16384,100,176d9a9a-ec8d-44fc-aeb0-b8d5c8dc6e0d,rabbitmq-master-2-a5198,AMBARI_AGENT,AMBARI_SLAVE,HLW_HG4_Domain01,djgmq037-rabbitmq-master-2-a5198-0,996d2191-3a72-4428-8d2c-38396239b946,10.148.131.228,10.148.131.228,170881d3-a210-4340-a506-0e6b6b0ab30e,29831c49-9997-4475-8252-98ed7732642a,1,2ab9156e-04fe-4b17-95d9-911d0df7ab39,8,16384,100,10.148.131.81,RABBITMQ
djgmq038,ACTIVE,3,f4f24bc9-5c6c-4880-a995-699489491f3d,HLW_HG4_Domain01,CAS,sztzyjy,hlw-海南省教育厅,jyt-131-0-24,00d9c615-5272-4d8f-b342-03ea80a6f502,rabbitmq-master-1-4c7aa,AMBARI,AMBARI_AGENT,RABBITMQ,HLW_HG4_Domain01,djgmq038-rabbitmq-master-1-4c7aa-0,11abcfdc-534f-4212-98f8-9c925977d736,10.148.131.227,10.148.131.227,0b1c6695-9114-4302-8c88-b7bec56c81d8,4aa0e578-10ef-4414-91f0-39252d8f2d55,1,2ab9156e-04fe-4b17-95d9-911d0df7ab39,8,16384,100,5e3bed16-403b-4939-b011-8ff552f89d21,rabbitmq-master-2-794f5,AMBARI_AGENT,AMBARI_SLAVE,RABBITMQ,HLW_HG4_Domain01,djgmq038-rabbitmq-master-2-794f5-0,8773a5e6-b057-45a6-8405-a25668d23816,10.148.131.166,10.148.131.166,e13a5446-2eff-4aa3-8144-4f14d64990d4,0a2a3a61-3d67-48c9-b6a0-5e09468338dd,1,2ab9156e-04fe-4b17-95d9-911d0df7ab39,8,16384,100,0b73ca9d-da60-42ad-84ff-7fa8587c18dc,rabbitmq-core-1-631ce,AMBARI_AGENT,RABBITMQ,HLW_HG4_Domain01,djgmq038-rabbitmq-core-1-631ce-0,3cef962c-9b20-4757-8acb-bb3a9cd0b03f,10.148.131.172,10.148.131.172,a6ae0bb8-a00a-4e19-803f-64de4b670e3d,ac2bbb93-252d-444b-bfaf-660234233f5c,1,2ab9156e-04fe-4b17-95d9-911d0df7ab39,8,16384,100,10.148.131.77,
djgmq034,ACTIVE,3,f4f24bc9-5c6c-4880-a995-699489491f3d,HLW_HG4_Domain01,CAS,sztzyjy,hlw-海南省教育厅,jyt-131-0-24,6868affe-046d-456d-83da-b5367a2537ed,rabbitmq-master-2-e2405,AMBARI_AGENT,AMBARI_SLAVE,RABBITMQ,HLW_HG4_Domain01,djgmq034-rabbitmq-master-2-e2405-0,91b73e36-4fd9-4727-a702-fe2134c1dd74,10.148.131.247,10.148.131.247,a6e88fce-b8b8-4e23-a5f4-a5097187d3ce,b63c71c8-c943-4691-9c1b-5dc0a39b023a,1,e41b192f-8e1d-4b61-9d4e-9607f02f2f1c,4,8192,100,4331b2e4-8c0d-4066-b127-98f9512f7b1d,rabbitmq-master-1-8d761,AMBARI,AMBARI_AGENT,RABBITMQ,HLW_HG4_Domain01,djgmq034-rabbitmq-master-1-8d761-0,0a261ad6-7955-4e6b-af27-aa17f5978257,10.148.131.210,10.148.131.210,3f9eca17-7747-4b2f-8e4a-f3e6fc60a95c,446ef43f-cff9-49b1-8ac1-7080fc8c65e3,1,e41b192f-8e1d-4b61-9d4e-9607f02f2f1c,4,8192,100,c5f9e2a2-24e5-4ccd-9ed1-7e1e3856a7bb,rabbitmq-core-1-eb4f3,AMBARI_AGENT,RABBITMQ,HLW_HG4_Domain01,djgmq034-rabbitmq-core-1-eb4f3-0,df1ec68a-87fb-4384-bdb1-91f39013b49e,10.148.131.165,10.148.131.165,f122e17b-187b-47ee-9f60-609fd913b69b,0946ef9c-7118-4735-a2b6-1e157eb76f99,1,e41b192f-8e1d-4b61-9d4e-9607f02f2f1c,4,8192,100,10.148.131.69,
djgmq035,ACTIVE,3,f4f24bc9-5c6c-4880-a995-699489491f3d,HLW_HG4_Domain01,CAS,sztzyjy,hlw-海南省教育厅,jyt-131-0-24,da0480e9-e7d8-4490-8dd5-d1445e93464d,rabbitmq-master-2-9647c,AMBARI_AGENT,AMBARI_SLAVE,RABBITMQ,HLW_HG4_Domain01,djgmq035-rabbitmq-master-2-9647c-0,c4a67714-737e-47dd-819a-051ec8027927,10.148.131.177,10.148.131.177,c97ff53c-1cba-4695-b1b9-9e413235f318,2d83819d-78e8-49a0-b2dd-33029384be4c,1,e41b192f-8e1d-4b61-9d4e-9607f02f2f1c,4,8192,100,877460e1-0eab-4a4c-b2e2-e1ba37a7c1b1,rabbitmq-core-1-2373c,AMBARI_AGENT,RABBITMQ,,HLW_HG4_Domain01,djgmq035-rabbitmq-core-1-2373c-0,0f1df2be-763c-409f-8e51-276f9137079f,10.148.131.238,10.148.131.238,0d91bf3f-bbe3-417c-82cb-43e6fd27137e,a92b763f-5fd6-454a-8213-438ddbfc4c37,1,e41b192f-8e1d-4b61-9d4e-9607f02f2f1c,4,8192,100,fb4ed8f2-ea8f-4921-91d1-ecb5ed3f67d4,rabbitmq-master-1-ee1ef,AMBARI,AMBARI_AGENT,HLW_HG4_Domain01,djgmq035-rabbitmq-master-1-ee1ef-0,2e4c2595-3d9e-4f4d-b4aa-0b2fa9ea8bf0,10.148.131.74,10.148.131.74,b30eb345-8daa-496c-8b21-53bf853c1fa0,9d4f35e3-9022-413c-acf3-1bafe241aeae,1,e41b192f-8e1d-4b61-9d4e-9607f02f2f1c,4,8192,100,10.148.131.67,RABBITMQ
djgmq033,ACTIVE,3,f4f24bc9-5c6c-4880-a995-699489491f3d,HLW_HG4_Domain01,CAS,sztzyjy,hlw-海南省教育厅,jyt-131-0-24,de3ee4a7-a1ff-4b18-b6b8-62eaf9530b02,rabbitmq-master-2-2a7fe,AMBARI_AGENT,AMBARI_SLAVE,RABBITMQ,HLW_HG4_Domain01,djgmq033-rabbitmq-master-2-2a7fe-0,58a848ab-0358-4f55-9f0f-3d3e2cfd7687,10.148.131.68,10.148.131.68,19755c7a-cbf3-4306-8dcc-08e4e109300b,ecfb31d0-e2a0-44a1-b5c4-4ad73fd713d3,1,e41b192f-8e1d-4b61-9d4e-9607f02f2f1c,4,8192,100,c08d5425-1d53-4f2f-9630-15bfc2b27cb3,rabbitmq-core-1-162c5,AMBARI_AGENT,RABBITMQ,,HLW_HG4_Domain01,djgmq033-rabbitmq-core-1-162c5-0,03cf42fb-ee06-4c7c-9a82-b85e7f178684,10.148.131.122,10.148.131.122,4abdcdcd-5e56-4fc4-bb53-b35712dc1801,2a7406f4-e182-4204-a360-8393e93aba1d,1,e41b192f-8e1d-4b61-9d4e-9607f02f2f1c,4,8192,100,0c841a32-4e79-431f-9dfc-9bc73fb7bec5,rabbitmq-master-1-c341a,AMBARI,AMBARI_AGENT,HLW_HG4_Domain01,djgmq033-rabbitmq-master-1-c341a-0,d79eb9eb-87bf-495f-b95f-ca4c2f2bed70,10.148.131.219,10.148.131.219,680e680e-80a6-498a-a6d8-d646e51a6c80,2e2603b7-2ea9-438a-8778-a6509f2eab96,1,e41b192f-8e1d-4b61-9d4e-9607f02f2f1c,4,8192,100,10.148.131.62,RABBITMQ
djgmq032,ACTIVE,3,f4f24bc9-5c6c-4880-a995-699489491f3d,HLW_HG4_Domain01,CAS,sztzyjy,hlw-海南省教育厅,jyt-131-0-24,a1220743-4f13-4863-b55e-f8a0f64d21aa,rabbitmq-core-1-f8920,AMBARI_AGENT,RABBITMQ,,HLW_HG4_Domain01,djgmq032-rabbitmq-core-1-f8920-0,14f08e2f-4872-41e6-94b2-82adf16824e7,10.148.131.76,10.148.131.76,a9fe1105-ed72-410a-94d9-450ce86d0ad1,41dda37e-922f-4f00-8535-eafa464feaed,1,e41b192f-8e1d-4b61-9d4e-9607f02f2f1c,4,8192,100,b2f0e98b-ca32-45c5-be98-78a17215a953,rabbitmq-master-1-6f931,AMBARI,AMBARI_AGENT,RABBITMQ,HLW_HG4_Domain01,djgmq032-rabbitmq-master-1-6f931-0,989b3bed-eada-4b16-bc31-dbef0f9e7645,10.148.131.85,10.148.131.85,90758d91-fce1-4ba2-9bb3-9baa602dbb5f,a1cfdf18-6721-4980-9e03-03afb901dd66,1,e41b192f-8e1d-4b61-9d4e-9607f02f2f1c,4,8192,100,e47d66ca-7ae8-48d1-8b7e-64648b739ce7,rabbitmq-master-2-5bc29,AMBARI_AGENT,AMBARI_SLAVE,HLW_HG4_Domain01,djgmq032-rabbitmq-master-2-5bc29-0,9db24ed0-e3ec-44c1-b09d-bf6b54128c40,10.148.131.182,10.148.131.182,c9df272e-2f7f-49b6-aba0-3d2bb3979e32,eb08fb4f-123e-41bd-a49e-0df4af6de59b,1,e41b192f-8e1d-4b61-9d4e-9607f02f2f1c,4,8192,100,10.148.131.59,RABBITMQ
djgmq31,ACTIVE,3,f4f24bc9-5c6c-4880-a995-699489491f3d,HLW_HG4_Domain01,CAS,sztzyjy,hlw-海南省教育厅,jyt-131-0-24,f6c867ec-7d3f-49a7-b82c-a5529255595e,rabbitmq-master-2-33588,AMBARI_AGENT,AMBARI_SLAVE,RABBITMQ,HLW_HG4_Domain01,djgmq31-rabbitmq-master-2-33588-0,3142f36c-0a8d-4713-91c6-813fd6d9b66c,10.148.131.204,10.148.131.204,b19acf8b-b000-42d8-884f-53d1a541f25e,8825cb9f-5a90-4989-be04-1112a78e5a5c,1,e41b192f-8e1d-4b61-9d4e-9607f02f2f1c,4,8192,100,7e70612a-fa46-4e81-8c51-4f8a5e94a96a,rabbitmq-core-1-4fe40,AMBARI_AGENT,RABBITMQ,,HLW_HG4_Domain01,djgmq31-rabbitmq-core-1-4fe40-0,3b25963c-3fdf-4e07-812c-b92de4290c55,10.148.131.131,10.148.131.131,14afca6b-b820-405c-8744-54836e3a24fe,c4a560ce-4c74-4521-b3f0-acef0669c98a,1,e41b192f-8e1d-4b61-9d4e-9607f02f2f1c,4,8192,100,e2ea52e7-031d-4bf8-b732-786df4ccdaba,rabbitmq-master-1-d7d25,AMBARI,AMBARI_AGENT,HLW_HG4_Domain01,djgmq31-rabbitmq-master-1-d7d25-0,55ac1d8c-ea95-4fa0-bce9-f842bca48440,10.148.131.137,10.148.131.137,85d61119-db3a-4735-b27b-d17b1db0064a,53540513-8613-4532-a07c-47d501453388,1,e41b192f-8e1d-4b61-9d4e-9607f02f2f1c,4,8192,100,10.148.131.57,RABBITMQ
djgmq026,ACTIVE,3,f4f24bc9-5c6c-4880-a995-699489491f3d,HLW_HG4_Domain01,CAS,sztzyjy,hlw-海南省教育厅,jyt-131-0-24,b9615482-6a41-49db-95eb-6ca4b726e4d9,rabbitmq-master-1-7bb52,AMBARI,AMBARI_AGENT,RABBITMQ,HLW_HG4_Domain01,djgmq026-rabbitmq-master-1-7bb52-0,c0154f70-86d5-4ccf-8419-f170a9dc6d38,10.148.131.220,10.148.131.220,ddd4a492-df02-44a6-ac0e-f05d5ba7c087,aa79831e-0c94-4038-98ff-103ccadadf06,1,e41b192f-8e1d-4b61-9d4e-9607f02f2f1c,4,8192,100,d3e2583a-d006-44c7-90ba-60aeb6f86fee,rabbitmq-master-2-11d4b,AMBARI_AGENT,AMBARI_SLAVE,RABBITMQ,HLW_HG4_Domain01,djgmq026-rabbitmq-master-2-11d4b-0,c5840b95-921a-4b67-881f-8a7f8a89bf5a,10.148.131.175,10.148.131.175,a353acb9-429e-4d56-8750-6c8136dc65b7,4c64342f-74b2-4c45-b061-c1f6cc424402,1,e41b192f-8e1d-4b61-9d4e-9607f02f2f1c,4,8192,100,94d5ee13-571e-461e-b871-44eb730bdedb,rabbitmq-core-1-27b46,AMBARI_AGENT,RABBITMQ,HLW_HG4_Domain01,djgmq026-rabbitmq-core-1-27b46-0,4ceabceb-5f9b-4d67-b3c2-5f57ff2e20f7,10.148.131.64,10.148.131.64,c42c3e9c-7e86-4573-9019-647fb764bf3e,3fabca49-5054-48dc-9125-5958b272a7e5,1,e41b192f-8e1d-4b61-9d4e-9607f02f2f1c,4,8192,100,10.148.131.54,
djgmq029,ACTIVE,3,f4f24bc9-5c6c-4880-a995-699489491f3d,HLW_HG4_Domain01,CAS,sztzyjy,hlw-海南省教育厅,jyt-131-0-24,3ff2d87d-9318-49a3-aecd-7bdf6015bc17,rabbitmq-master-1-5d7d6,AMBARI,AMBARI_AGENT,RABBITMQ,HLW_HG4_Domain01,djgmq029-rabbitmq-master-1-5d7d6-0,6acb49cb-b4ad-489a-8e71-7ca8bcf0a7cb,10.148.131.124,10.148.131.124,27f9e3c0-de47-4b85-9d08-6ef1f244b548,182d0c96-6c13-4c2a-a975-4483ea48bbbb,1,e41b192f-8e1d-4b61-9d4e-9607f02f2f1c,4,8192,100,c74692e0-9284-4686-a464-18fad183ecdb,rabbitmq-master-2-05c19,AMBARI_AGENT,AMBARI_SLAVE,RABBITMQ,HLW_HG4_Domain01,djgmq029-rabbitmq-master-2-05c19-0,87a5a4cc-c632-4787-8695-80e3df2f93c5,10.148.131.250,10.148.131.250,94ac4991-9847-4870-bb5d-e434c7f1e53d,dab994db-3c3c-4f7d-a5ef-f67691560a69,1,e41b192f-8e1d-4b61-9d4e-9607f02f2f1c,4,8192,100,cc256936-f725-4279-825d-e30df2c84fda,rabbitmq-core-1-7cbcb,AMBARI_AGENT,RABBITMQ,HLW_HG4_Domain01,djgmq029-rabbitmq-core-1-7cbcb-0,3b05536a-0ce8-437e-aab1-21a13d155e65,10.148.131.193,10.148.131.193,e77279fd-5a37-4b5e-b2bc-e25d8af8667f,a5294a87-efca-49c9-ae1b-e3e997657896,1,e41b192f-8e1d-4b61-9d4e-9607f02f2f1c,4,8192,100,10.148.131.51,
djgmq24,ACTIVE,3,f4f24bc9-5c6c-4880-a995-699489491f3d,HLW_HG4_Domain01,CAS,sztzyjy,hlw-海南省教育厅,jyt-131-0-24,c55d3f9b-0a9d-459a-92c9-5889d44bba26,rabbitmq-master-1-6b988,AMBARI,AMBARI_AGENT,RABBITMQ,HLW_HG4_Domain01,djgmq24-rabbitmq-master-1-6b988-0,9e919050-d478-4858-9750-bc6068eb45ba,10.148.131.42,10.148.131.42,8b3734c0-9f93-4e98-b43f-1bab9f169eb8,9c17815d-94bf-49a6-aa70-835c49236be4,1,8e02330e-14bc-4e72-9cf5-e4feb8e3f96b,4,12288,100,44d4b619-bc17-44f2-97e9-76625200155f,rabbitmq-master-2-38e29,AMBARI_AGENT,AMBARI_SLAVE,RABBITMQ,HLW_HG4_Domain01,djgmq24-rabbitmq-master-2-38e29-0,a7f574c4-8993-4655-8755-fd3b051e088a,10.148.131.48,10.148.131.48,ac0c6a06-e96a-4822-9233-f8c4fcb5007e,6d6aac94-1819-4762-9b22-8db9c5955f9a,1,8e02330e-14bc-4e72-9cf5-e4feb8e3f96b,4,12288,100,d9f366b4-9dae-4b5a-9f63-8f2463ff305b,rabbitmq-core-1-0124e,AMBARI_AGENT,RABBITMQ,HLW_HG4_Domain01,djgmq24-rabbitmq-core-1-0124e-0,6d2e9b39-a5b7-4712-a530-bdfe093ce7a1,10.148.131.253,10.148.131.253,55585cd5-8959-47f0-8700-238ca70cdd16,27325eea-fcba-4f4b-b722-f75127f6571d,1,8e02330e-14bc-4e72-9cf5-e4feb8e3f96b,4,12288,100,10.148.131.40,
djgmq022,ACTIVE,3,f4f24bc9-5c6c-4880-a995-699489491f3d,HLW_HG4_Domain01,CAS,sztzyjy,hlw-海南省教育厅,jyt-131-0-24,4d6950ff-b138-4a13-8b97-ffcbe553aaec,rabbitmq-core-1-b92f8,AMBARI_AGENT,RABBITMQ,,HLW_HG4_Domain01,djgmq022-rabbitmq-core-1-b92f8-0,f1018c7f-5245-4826-8761-8e5f6e48545c,10.148.131.41,10.148.131.41,9847e267-6ea7-4b15-8d81-8d716707fcf3,14f08bba-3c27-40a3-8628-3389904fed56,1,e41b192f-8e1d-4b61-9d4e-9607f02f2f1c,4,8192,100,fddd9b97-4063-4678-a4aa-02567404063d,rabbitmq-master-1-9b311,AMBARI,AMBARI_AGENT,RABBITMQ,HLW_HG4_Domain01,djgmq022-rabbitmq-master-1-9b311-0,423f917f-f8fb-407f-bc0f-a124d70807e0,10.148.131.127,10.148.131.127,722a73c7-47eb-4759-b077-ff741c62ace2,296898d1-fdf6-40e8-a737-4881bdfa1b94,1,e41b192f-8e1d-4b61-9d4e-9607f02f2f1c,4,8192,100,5a5a7feb-b4a1-4501-ae65-9777810f99d5,rabbitmq-master-2-f2874,AMBARI_AGENT,AMBARI_SLAVE,HLW_HG4_Domain01,djgmq022-rabbitmq-master-2-f2874-0,18777dc4-d7f8-44ae-ba23-9269650385e5,10.148.131.159,10.148.131.159,147c6a4a-beb3-4bdd-a220-201775245070,acc9e258-914a-4ec8-8f1d-cec81433382c,1,e41b192f-8e1d-4b61-9d4e-9607f02f2f1c,4,8192,100,10.148.131.38,RABBITMQ
djgmq030,ACTIVE,3,f4f24bc9-5c6c-4880-a995-699489491f3d,HLW_HG4_Domain01,CAS,sztzyjy,hlw-海南省教育厅,jyt-131-0-24,9925be6e-5c73-4e80-a0f3-9f227dc60bd8,rabbitmq-master-1-bd51f,AMBARI,AMBARI_AGENT,RABBITMQ,HLW_HG4_Domain01,djgmq030-rabbitmq-master-1-bd51f-0,dc1c4bdb-3e52-4279-b014-c2328ff8a677,10.148.131.83,10.148.131.83,eb7ac36c-0c7d-4071-8709-8f5e33535a46,d408093d-a787-4174-b94a-493d45367635,1,e41b192f-8e1d-4b61-9d4e-9607f02f2f1c,4,8192,100,c014cb23-0800-4da5-a027-dc1f698fe917,rabbitmq-master-2-6ba3a,AMBARI_AGENT,AMBARI_SLAVE,RABBITMQ,HLW_HG4_Domain01,djgmq030-rabbitmq-master-2-6ba3a-0,70a955ba-6029-478a-a31c-92db23f76de8,10.148.131.80,10.148.131.80,008dad7d-c43d-43ea-92a0-23d50e1e8d6a,fa468526-5f65-469a-b9c2-5802af0e28c0,1,e41b192f-8e1d-4b61-9d4e-9607f02f2f1c,4,8192,100,68539afd-288e-49ca-bd56-7bbcf6214f58,rabbitmq-core-1-648af,AMBARI_AGENT,RABBITMQ,HLW_HG4_Domain01,djgmq030-rabbitmq-core-1-648af-0,84c7af47-5034-4bec-a401-a03cffac1a85,10.148.131.106,10.148.131.106,36df177c-bd66-492c-a5ad-014f63999d06,2cc0f8ee-802d-4a75-bf19-610cf1886c1c,1,e41b192f-8e1d-4b61-9d4e-9607f02f2f1c,4,8192,100,10.148.131.37,
djgmq028,ACTIVE,3,f4f24bc9-5c6c-4880-a995-699489491f3d,HLW_HG4_Domain01,CAS,sztzyjy,hlw-海南省教育厅,jyt-131-0-24,08a52673-2d0f-471c-ac03-03cc54e26f75,rabbitmq-master-1-daa8d,AMBARI,AMBARI_AGENT,RABBITMQ,HLW_HG4_Domain01,djgmq028-rabbitmq-master-1-daa8d-0,17d0f90b-5af8-4173-98aa-79c2c99efc96,10.148.131.58,10.148.131.58,82cd79ca-bd6b-4b71-94b2-683d2d9a96e4,2884d5d7-ced2-47fe-96a2-f6e2802c7e61,1,e41b192f-8e1d-4b61-9d4e-9607f02f2f1c,4,8192,100,237e0d8d-6ea0-457f-bc49-264ebccfe6ae,rabbitmq-master-2-ae910,AMBARI_AGENT,AMBARI_SLAVE,RABBITMQ,HLW_HG4_Domain01,djgmq028-rabbitmq-master-2-ae910-0,1eb8a356-4bea-4d8a-80cf-1b430a092289,10.148.131.245,10.148.131.245,c0e31e83-cab7-4e78-846a-50d55afa8ef5,e92d43cf-9da9-4726-8524-f1ba419a7514,1,e41b192f-8e1d-4b61-9d4e-9607f02f2f1c,4,8192,100,52df0848-1c16-4848-b300-9b62da7d0956,rabbitmq-core-1-21093,AMBARI_AGENT,RABBITMQ,HLW_HG4_Domain01,djgmq028-rabbitmq-core-1-21093-0,1bc330d8-85df-4616-8256-d2f3eacc612c,10.148.131.135,10.148.131.135,f0caf202-fa06-46c9-a259-62c2fcae0d08,9adf816d-26e3-42c0-8315-d2226f8e1a2d,1,e41b192f-8e1d-4b61-9d4e-9607f02f2f1c,4,8192,100,10.148.131.36,
djgmq027,ACTIVE,3,f4f24bc9-5c6c-4880-a995-699489491f3d,HLW_HG4_Domain01,CAS,sztzyjy,hlw-海南省教育厅,jyt-131-0-24,e1feadc1-e2ce-4285-a821-11410388eb31,rabbitmq-master-1-f3bbe,AMBARI,AMBARI_AGENT,RABBITMQ,HLW_HG4_Domain01,djgmq027-rabbitmq-master-1-f3bbe-0,790d20f2-7b02-4190-860a-70fdf69c24f9,10.148.131.205,10.148.131.205,5e09e586-08e4-4145-849e-e59487c39b13,195b63a8-39a7-4cff-bc1f-baaf76537249,1,e41b192f-8e1d-4b61-9d4e-9607f02f2f1c,4,8192,100,1115e803-dc66-43fe-b1f4-9fab97a42913,rabbitmq-master-2-980de,AMBARI_AGENT,AMBARI_SLAVE,RABBITMQ,HLW_HG4_Domain01,djgmq027-rabbitmq-master-2-980de-0,d151a620-a920-4fd8-86eb-bc27ecf6829e,10.148.131.190,10.148.131.190,ff3d43b2-c35e-44dd-83b9-62e915a7556f,bd44d577-4281-4307-961e-89966d13bceb,1,e41b192f-8e1d-4b61-9d4e-9607f02f2f1c,4,8192,100,d73fc57c-fbe8-49d3-9526-69e132db5cc5,rabbitmq-core-1-bedfd,AMBARI_AGENT,RABBITMQ,HLW_HG4_Domain01,djgmq027-rabbitmq-core-1-bedfd-0,0f350160-6816-4f44-ba0e-c6f79449a2c8,10.148.131.185,10.148.131.185,5a7ff117-64b7-481e-a41b-a6b2c9308267,2a0ff336-fd6c-4746-a25b-a1587c19577c,1,e41b192f-8e1d-4b61-9d4e-9607f02f2f1c,4,8192,100,10.148.131.35,
djgmq025,ACTIVE,3,f4f24bc9-5c6c-4880-a995-699489491f3d,HLW_HG4_Domain01,CAS,sztzyjy,hlw-海南省教育厅,jyt-131-0-24,4d5843b6-1da1-47b1-a904-6bec39a15b17,rabbitmq-master-1-70471,AMBARI,AMBARI_AGENT,RABBITMQ,HLW_HG4_Domain01,djgmq025-rabbitmq-master-1-70471-0,06e97187-c0e2-499c-81a6-f6e3290432db,10.148.131.144,10.148.131.144,82a6e641-0170-411f-8310-199f817c1189,31b1bd1f-be2e-4c15-947e-5f6c95ede5bb,1,e41b192f-8e1d-4b61-9d4e-9607f02f2f1c,4,8192,100,ebe675bd-f245-4f3a-bb2d-575710a0383d,rabbitmq-master-2-60eb4,AMBARI_AGENT,AMBARI_SLAVE,RABBITMQ,HLW_HG4_Domain01,djgmq025-rabbitmq-master-2-60eb4-0,edd0e369-4ae9-40c9-86e0-e63af0b907f9,10.148.131.167,10.148.131.167,ba91b873-f391-4b80-a1fd-92c943e4b3e4,ae01dff7-abc4-4d69-b684-f7a53a0fab12,1,e41b192f-8e1d-4b61-9d4e-9607f02f2f1c,4,8192,100,ab875140-0c40-4c72-87cb-e32a0e575255,rabbitmq-core-1-b6857,AMBARI_AGENT,RABBITMQ,HLW_HG4_Domain01,djgmq025-rabbitmq-core-1-b6857-0,6f957a46-4600-4d79-9930-f2c69259f4eb,10.148.131.66,10.148.131.66,740ae3c6-8be7-4974-a341-63bd2c43a84a,70921c24-8fae-4e80-aa2e-d21d8be737c1,1,e41b192f-8e1d-4b61-9d4e-9607f02f2f1c,4,8192,100,10.148.131.32,
djgmq023,ACTIVE,3,f4f24bc9-5c6c-4880-a995-699489491f3d,HLW_HG4_Domain01,CAS,sztzyjy,hlw-海南省教育厅,jyt-131-0-24,3c7423af-a002-4953-af0a-25357d216734,rabbitmq-master-2-d3e5f,AMBARI_AGENT,AMBARI_SLAVE,RABBITMQ,HLW_HG4_Domain01,djgmq023-rabbitmq-master-2-d3e5f-0,3096058e-3d03-4cf5-92e0-d097ba730e45,10.148.131.184,10.148.131.184,efee1111-c866-46af-9748-a57157bd5f20,0b530cdf-993f-4f87-89fc-63c3cbe29940,1,e41b192f-8e1d-4b61-9d4e-9607f02f2f1c,4,8192,100,aee53dd3-2ba2-4e73-903e-3d3775209184,rabbitmq-core-1-73411,AMBARI_AGENT,RABBITMQ,,HLW_HG4_Domain01,djgmq023-rabbitmq-core-1-73411-0,f8c57933-b6d6-4647-9415-87efc55401b6,10.148.131.180,10.148.131.180,c987d733-bb4f-49af-b7cc-4c5300dab203,543641d2-79c1-47d5-bc2b-b12882efb86e,1,e41b192f-8e1d-4b61-9d4e-9607f02f2f1c,4,8192,100,8f287cee-6c2f-41cb-a108-b03491607a80,rabbitmq-master-1-b19b6,AMBARI,AMBARI_AGENT,HLW_HG4_Domain01,djgmq023-rabbitmq-master-1-b19b6-0,9c32d2f6-48c0-4db3-a2de-978424349161,10.148.131.225,10.148.131.225,a06c01a3-8c9b-4240-a641-7acb58563a75,ba27101d-2ba5-4bda-9e17-defae7605349,1,e41b192f-8e1d-4b61-9d4e-9607f02f2f1c,4,8192,100,10.148.131.31,RABBITMQ
djgmq021,ACTIVE,3,f4f24bc9-5c6c-4880-a995-699489491f3d,HLW_HG4_Domain01,CAS,sztzyjy,hlw-海南省教育厅,jyt-131-0-24,d296fef4-894e-4b35-b9a7-0a0f07409971,rabbitmq-master-1-914f1,AMBARI,AMBARI_AGENT,RABBITMQ,HLW_HG4_Domain01,djgmq021-rabbitmq-master-1-914f1-0,58d21f2f-b906-4f36-bbea-1d62d0a70cfc,10.148.131.196,10.148.131.196,e43334fd-1bab-4b7e-a266-e1f83cc3e1bd,52e28cf5-977b-4e24-b258-4d0bc21bd74e,1,8e02330e-14bc-4e72-9cf5-e4feb8e3f96b,4,12288,100,050e68cf-7a28-4dc6-8e62-7eb0956de551,rabbitmq-master-2-7a14e,AMBARI_AGENT,AMBARI_SLAVE,RABBITMQ,HLW_HG4_Domain01,djgmq021-rabbitmq-master-2-7a14e-0,f8c9c120-f754-44dc-9b20-bdfd22574558,10.148.131.75,10.148.131.75,f01f44f4-9cca-43d0-8221-5f80c30ce25b,140e1d98-22c2-453f-8d59-7e20a4f5d1bd,1,8e02330e-14bc-4e72-9cf5-e4feb8e3f96b,4,12288,100,71c780af-aeb8-464d-a584-9c1ff323e932,rabbitmq-core-1-17d15,AMBARI_AGENT,RABBITMQ,HLW_HG4_Domain01,djgmq021-rabbitmq-core-1-17d15-0,ff2addf9-0414-455b-a5e4-f5169c7d88ec,10.148.131.155,10.148.131.155,eddcbf17-f899-44a1-82cd-18cc7ee85cba,75ee73ec-6108-4472-99db-f115049c6578,1,8e02330e-14bc-4e72-9cf5-e4feb8e3f96b,4,12288,100,10.148.131.30,
djgmq020,ACTIVE,3,f4f24bc9-5c6c-4880-a995-699489491f3d,HLW_HG4_Domain01,CAS,sztzyjy,hlw-海南省教育厅,jyt-131-0-24,7a91678b-2b81-4a95-91fd-f6215c9f420a,rabbitmq-master-1-9e040,AMBARI,AMBARI_AGENT,RABBITMQ,HLW_HG4_Domain01,djgmq020-rabbitmq-master-1-9e040-0,3aba91f5-4401-4120-b38d-b5c85d25266b,10.148.131.118,10.148.131.118,3d60b549-957a-44d7-a4fe-209b64eb185c,37a62d4b-6a37-437e-96a7-20dde7bbf818,1,e41b192f-8e1d-4b61-9d4e-9607f02f2f1c,4,8192,100,442b03ef-0cbd-4f90-b532-59c34687da5a,rabbitmq-master-2-e50c9,AMBARI_AGENT,AMBARI_SLAVE,RABBITMQ,HLW_HG4_Domain01,djgmq020-rabbitmq-master-2-e50c9-0,1b2cc111-4a6f-438b-81eb-3a33a8ce3f5b,10.148.131.73,10.148.131.73,c69e1e2d-fb08-4afe-9f47-8154cdb144d0,b3b1165c-2cd4-436f-9278-2d4d21ab8db1,1,e41b192f-8e1d-4b61-9d4e-9607f02f2f1c,4,8192,100,e24ac745-49f5-4616-bed3-d8aade5b65c5,rabbitmq-core-1-c52c3,AMBARI_AGENT,RABBITMQ,HLW_HG4_Domain01,djgmq020-rabbitmq-core-1-c52c3-0,4f3e9c04-b009-468a-acf3-b4b60208d281,10.148.131.84,10.148.131.84,5c981193-988b-4069-9e79-6b9d906df008,0a3584fe-7c86-4e2a-9ad7-01e33462d20e,1,e41b192f-8e1d-4b61-9d4e-9607f02f2f1c,4,8192,100,10.148.131.29,
djgmq017,ACTIVE,3,f4f24bc9-5c6c-4880-a995-699489491f3d,HLW_HG4_Domain01,CAS,sztzyjy,hlw-海南省教育厅,jyt-131-0-24,b468e856-8425-4d27-92d6-e66f0ab16a96,rabbitmq-master-1-d7609,AMBARI,AMBARI_AGENT,RABBITMQ,HLW_HG4_Domain01,djgmq017-rabbitmq-master-1-d7609-0,8f62e7d9-deb6-4c53-9b01-761cd813c139,10.148.131.158,10.148.131.158,86c10e01-e8fc-4e06-a070-379336b83f18,4d0afe68-b04b-49a7-84c0-c1c833d110c4,1,e41b192f-8e1d-4b61-9d4e-9607f02f2f1c,4,8192,100,a12e5bae-beb4-4e14-a951-e9eaab1bb9a7,rabbitmq-master-2-d5668,AMBARI_AGENT,AMBARI_SLAVE,RABBITMQ,HLW_HG4_Domain01,djgmq017-rabbitmq-master-2-d5668-0,3daf8e76-9d66-4f82-917f-af5870964d39,10.148.131.123,10.148.131.123,f55a5bb1-8488-4993-b3f4-a3f09d2ce6cc,8d9576cf-f468-4756-9687-2ac301bfe36a,1,e41b192f-8e1d-4b61-9d4e-9607f02f2f1c,4,8192,100,ec096bf3-a49f-416d-83a9-395357acc70e,rabbitmq-core-1-ef627,AMBARI_AGENT,RABBITMQ,HLW_HG4_Domain01,djgmq017-rabbitmq-core-1-ef627-0,68ccbf97-6b49-479a-be3f-92dfd5380fb2,10.148.131.82,10.148.131.82,c7785e13-ffd9-44b6-a961-fcd9292081ff,716f9965-b4c1-4f25-a73b-1ad718501a92,1,e41b192f-8e1d-4b61-9d4e-9607f02f2f1c,4,8192,100,10.148.131.25,
djgmq019,ACTIVE,3,f4f24bc9-5c6c-4880-a995-699489491f3d,HLW_HG4_Domain01,CAS,sztzyjy,hlw-海南省教育厅,jyt-131-0-24,51548291-a29a-4ef5-ae4b-82487d3782e4,rabbitmq-master-2-e1fb6,AMBARI_AGENT,AMBARI_SLAVE,RABBITMQ,HLW_HG4_Domain01,djgmq019-rabbitmq-master-2-e1fb6-0,324ea6c6-ee37-4314-9c92-c5f6596bfe1f,10.148.131.203,10.148.131.203,dd760cf2-9b2b-4842-8656-3106c33c170a,32d57300-5e0f-491b-8cdb-a8f37c99969e,1,e41b192f-8e1d-4b61-9d4e-9607f02f2f1c,4,8192,100,c0447147-426d-4630-9ca9-baf24abb2c1c,rabbitmq-core-1-6cd0e,AMBARI_AGENT,RABBITMQ,,HLW_HG4_Domain01,djgmq019-rabbitmq-core-1-6cd0e-0,ae1efb0f-bd16-4276-9b34-246df7b7de8e,10.148.131.53,10.148.131.53,3bab6ead-628b-4b03-b747-26c5b53280c7,951440ca-ea22-4fc8-94c9-99d8dae577fa,1,e41b192f-8e1d-4b61-9d4e-9607f02f2f1c,4,8192,100,c55cbcc5-4561-4b4e-9f9e-b9ec6aab35dd,rabbitmq-master-1-774d6,AMBARI,AMBARI_AGENT,HLW_HG4_Domain01,djgmq019-rabbitmq-master-1-774d6-0,c70c9a6e-06ca-42da-84c4-4c097b6b333a,10.148.131.187,10.148.131.187,74abb848-9d63-4de1-8c58-758d7c1ef745,8aa09753-2bf7-4987-811f-4fb294995348,1,e41b192f-8e1d-4b61-9d4e-9607f02f2f1c,4,8192,100,10.148.131.24,RABBITMQ
djgmq008,ACTIVE,3,f4f24bc9-5c6c-4880-a995-699489491f3d,HLW_HG4_Domain01,CAS,sztzyjy,hlw-海南省教育厅,jyt-131-0-24,3d367d08-8462-403b-ae12-37dfbc71ae1b,rabbitmq-master-1-87034,AMBARI,AMBARI_AGENT,RABBITMQ,HLW_HG4_Domain01,djgmq008-rabbitmq-master-1-87034-0,3e8f7d4a-c2b7-4c82-8a7f-d56bb76df19a,10.148.131.211,10.148.131.211,24c6daca-e664-4924-9909-1860201f76c6,f07f4f76-ba60-43c7-9e6c-8480978273a6,1,8e02330e-14bc-4e72-9cf5-e4feb8e3f96b,4,12288,100,02d36757-b0e5-4b9a-ad42-ea25e65cad25,rabbitmq-master-2-0b2eb,AMBARI_AGENT,AMBARI_SLAVE,RABBITMQ,HLW_HG4_Domain01,djgmq008-rabbitmq-master-2-0b2eb-0,9f943dd1-b96a-4c45-9534-f73b49161233,10.148.131.212,10.148.131.212,4638603c-d81d-41fc-b9e8-e1687847bb5c,b29517b2-1e1f-4826-a0aa-cc34d8e75a12,1,8e02330e-14bc-4e72-9cf5-e4feb8e3f96b,4,12288,100,08b495c3-d64b-458d-9f97-db799850903f,rabbitmq-core-1-c4858,AMBARI_AGENT,RABBITMQ,HLW_HG4_Domain01,djgmq008-rabbitmq-core-1-c4858-0,9ce1d270-9d6a-4b92-ad24-1a02d5ca4648,10.148.131.45,10.148.131.45,96311ef2-f9ab-42bd-8a11-d09732328621,1a022257-000a-4dde-8d53-ef80e1d11926,1,8e02330e-14bc-4e72-9cf5-e4feb8e3f96b,4,12288,100,10.148.131.12,
djgmq005,ACTIVE,3,f4f24bc9-5c6c-4880-a995-699489491f3d,HLW_HG4_Domain01,CAS,sztzyjy,hlw-海南省教育厅,jyt-131-0-24,dccd108a-221d-4c21-98c3-ad19b58dc4e6,rabbitmq-master-1-7ee50,AMBARI,AMBARI_AGENT,RABBITMQ,HLW_HG4_Domain01,djgmq005-rabbitmq-master-1-7ee50-0,80fcd4e1-ee2f-46ba-9a2b-38aabf046e64,10.148.131.26,10.148.131.26,756db9bb-4b7d-4187-8ccd-3af773636245,b7f28fef-0b32-4915-a397-e37cccf8e026,1,2ab9156e-04fe-4b17-95d9-911d0df7ab39,8,16384,100,5ffa27d7-653a-4ac7-8a7d-eef55e46ba89,rabbitmq-master-2-02baa,AMBARI_AGENT,AMBARI_SLAVE,RABBITMQ,HLW_HG4_Domain01,djgmq005-rabbitmq-master-2-02baa-0,1186216c-782d-4485-9718-d05d3d925eb3,10.148.131.140,10.148.131.140,1072050a-cad2-4d3f-bf8f-422bd53c825f,c1ba2306-d065-4f5b-b088-66c8d8cd877d,1,2ab9156e-04fe-4b17-95d9-911d0df7ab39,8,16384,100,93d4c8f0-88b1-46ac-8c77-6395cc948037,rabbitmq-core-1-058f6,AMBARI_AGENT,RABBITMQ,HLW_HG4_Domain01,djgmq005-rabbitmq-core-1-058f6-0,783d3e31-5a7e-42b2-9b90-92ad6ebc04e4,10.148.131.105,10.148.131.105,5e9b55e4-7ef8-4130-9078-8aab7549f917,a6e1b0cf-6929-4ca6-9f36-c9b0abfb0e58,1,2ab9156e-04fe-4b17-95d9-911d0df7ab39,8,16384,100,10.148.131.11,
djgmq015,ACTIVE,3,f4f24bc9-5c6c-4880-a995-699489491f3d,HLW_HG4_Domain01,CAS,sztzyjy,hlw-海南省教育厅,jyt-131-0-24,b9656b69-d2f0-475b-b165-73e27c107fe6,rabbitmq-master-1-4e2bf,AMBARI,AMBARI_AGENT,RABBITMQ,HLW_HG4_Domain01,djgmq015-rabbitmq-master-1-4e2bf-0,0dfa2a58-11ed-4f6c-8949-776c4b561494,10.148.131.244,10.148.131.244,a8a9297e-9b5d-407d-9eff-e45562831fd6,92a4f229-781c-4fc0-b2a5-ab840b79116c,1,62d6b8bb-183e-4aa7-adb8-036519d49823,2,4096,100,3124ad4b-105d-4265-a75e-bca571bccb74,rabbitmq-master-2-ff878,AMBARI_AGENT,AMBARI_SLAVE,RABBITMQ,HLW_HG4_Domain01,djgmq015-rabbitmq-master-2-ff878-0,32c4d182-b8d9-496f-ab5b-9e1e4563eb97,10.148.131.133,10.148.131.133,a7329039-0d05-45b3-ac48-3f5d7a3dac8b,e70ad3fa-a191-42d4-a0f5-5f4291fddbea,1,62d6b8bb-183e-4aa7-adb8-036519d49823,2,4096,100,f489c84a-a5e5-40b5-b709-89f21c74a140,rabbitmq-core-1-455a0,AMBARI_AGENT,RABBITMQ,HLW_HG4_Domain01,djgmq015-rabbitmq-core-1-455a0-0,04f9063c-fe0c-48d3-9c69-1f65227b17d5,10.148.131.223,10.148.131.223,d896de00-20ae-447e-b8bf-f2a72b191d80,e31003bc-75cc-4048-b837-31676fd95596,1,62d6b8bb-183e-4aa7-adb8-036519d49823,2,4096,100,10.148.131.23,
djgmd016,ACTIVE,3,f4f24bc9-5c6c-4880-a995-699489491f3d,HLW_HG4_Domain01,CAS,sztzyjy,hlw-海南省教育厅,jyt-131-0-24,b59673ae-0cc8-438c-aef6-d7cf306d2db0,rabbitmq-core-1-b19b5,AMBARI_AGENT,RABBITMQ,,HLW_HG4_Domain01,djgmd016-rabbitmq-core-1-b19b5-0,5c463609-14c2-4238-b635-8c71755680f6,10.148.131.197,10.148.131.197,5a0e572d-b687-41f7-8bd9-18a7b93c40ff,a03daf9e-434d-457e-8a15-80aa15cad8fe,1,e41b192f-8e1d-4b61-9d4e-9607f02f2f1c,4,8192,100,085c410e-6d06-4b2b-be25-adccc982eeba,rabbitmq-master-1-7df34,AMBARI,AMBARI_AGENT,RABBITMQ,HLW_HG4_Domain01,djgmd016-rabbitmq-master-1-7df34-0,be8ebca6-93de-4f3d-a2af-c17671e849b1,10.148.131.88,10.148.131.88,b465eb0d-7aa0-4a88-bff7-cafdbfcabd82,dc13acf7-c894-4452-a209-2e74004dec4b,1,e41b192f-8e1d-4b61-9d4e-9607f02f2f1c,4,8192,100,f52e8464-f720-4e48-aa01-3d044f586b4b,rabbitmq-master-2-b45a7,AMBARI_AGENT,AMBARI_SLAVE,HLW_HG4_Domain01,djgmd016-rabbitmq-master-2-b45a7-0,849ca06b-3d82-4605-afcf-0112a39ae64d,10.148.131.87,10.148.131.87,66c1139e-6870-41ae-a433-7ba536daff85,2cb0c14d-97cb-4540-8e0f-9755f010c903,1,e41b192f-8e1d-4b61-9d4e-9607f02f2f1c,4,8192,100,10.148.131.22,RABBITMQ
djgmq013,ACTIVE,3,f4f24bc9-5c6c-4880-a995-699489491f3d,HLW_HG4_Domain01,CAS,sztzyjy,hlw-海南省教育厅,jyt-131-0-24,503c078c-7a22-46c3-925a-7a7a9e95f2ed,rabbitmq-master-1-4791a,AMBARI,AMBARI_AGENT,RABBITMQ,HLW_HG4_Domain01,djgmq013-rabbitmq-master-1-4791a-0,ec06adbe-1777-483c-8618-6cff1a114a6d,10.148.131.178,10.148.131.178,f56cea24-6730-40fb-965f-fc9d4f097bdf,1253a2b8-9456-497f-abea-8818170de294,1,2ab9156e-04fe-4b17-95d9-911d0df7ab39,8,16384,100,6f97bc29-ca96-4060-a5cd-1df928a381c3,rabbitmq-master-2-75416,AMBARI_AGENT,AMBARI_SLAVE,RABBITMQ,HLW_HG4_Domain01,djgmq013-rabbitmq-master-2-75416-0,52289b9b-d261-477f-83bd-92b64ba33d8c,10.148.131.52,10.148.131.52,a15cc5fc-a367-4d3c-911a-881a6c274a62,1c70ec67-702f-42de-a655-58789b1f5661,1,2ab9156e-04fe-4b17-95d9-911d0df7ab39,8,16384,100,97a77254-4d3b-44b5-b5ac-51cf91874adc,rabbitmq-core-1-3ec56,AMBARI_AGENT,RABBITMQ,HLW_HG4_Domain01,djgmq013-rabbitmq-core-1-3ec56-0,a0e24ff2-7fbe-4f57-9156-d7bd86a8de91,10.148.131.39,10.148.131.39,e949e6eb-f5e8-4a9e-ae84-4ca0ea0f6382,00c740f2-f2fd-4f7e-8336-b5d1d3bd9e16,1,2ab9156e-04fe-4b17-95d9-911d0df7ab39,8,16384,100,10.148.131.21,
djgmq014,ACTIVE,3,f4f24bc9-5c6c-4880-a995-699489491f3d,HLW_HG4_Domain01,CAS,sztzyjy,hlw-海南省教育厅,jyt-131-0-24,fdafeb10-e901-4b4e-9382-7d4a1e5a1cb0,rabbitmq-master-1-9b089,AMBARI,AMBARI_AGENT,RABBITMQ,HLW_HG4_Domain01,djgmq014-rabbitmq-master-1-9b089-0,65d94768-928a-453c-b785-eba877eb50cf,10.148.131.208,10.148.131.208,d466cb58-4839-4a9b-bf12-4169e9735290,774c2971-798c-49ce-bbbb-25bba071d5d9,1,2ab9156e-04fe-4b17-95d9-911d0df7ab39,8,16384,100,0369689a-57dc-4239-bccf-748a6188a7ec,rabbitmq-master-2-ea347,AMBARI_AGENT,AMBARI_SLAVE,RABBITMQ,HLW_HG4_Domain01,djgmq014-rabbitmq-master-2-ea347-0,1ace2f41-dabd-48bd-af9c-32eb607a9d3c,10.148.131.117,10.148.131.117,6c8ccc53-4fe5-4f94-a35e-873c333d4544,38e61b39-59ae-4cf8-943f-a02cfb033c88,1,2ab9156e-04fe-4b17-95d9-911d0df7ab39,8,16384,100,5bbb1043-879b-4293-b37d-b772030456e0,rabbitmq-core-1-002b7,AMBARI_AGENT,RABBITMQ,HLW_HG4_Domain01,djgmq014-rabbitmq-core-1-002b7-0,dca30170-6b7a-46a7-aafa-cbc947ad6664,10.148.131.149,10.148.131.149,f368269e-e034-471b-98b6-965d19b5a74e,e6eef0a5-d34d-4875-8218-e91f54ab4725,1,2ab9156e-04fe-4b17-95d9-911d0df7ab39,8,16384,100,10.148.131.20,
djgmq011,ACTIVE,3,f4f24bc9-5c6c-4880-a995-699489491f3d,HLW_HG4_Domain01,CAS,sztzyjy,hlw-海南省教育厅,jyt-131-0-24,ef5baa3d-b875-40fc-ab12-9cb346d6f31a,rabbitmq-master-2-1e8a8,AMBARI_AGENT,AMBARI_SLAVE,RABBITMQ,HLW_HG4_Domain01,djgmq011-rabbitmq-master-2-1e8a8-0,fc76c295-05d9-44ca-bbd9-9f84dc44019a,10.148.131.50,10.148.131.50,45844301-7866-4329-95c1-ce0b6bc5108b,13484cab-8af0-4ac3-b109-120c48c050de,1,2ab9156e-04fe-4b17-95d9-911d0df7ab39,8,16384,100,e647370f-5aac-4aa7-a265-a394bb71cc43,rabbitmq-core-1-290b4,AMBARI_AGENT,RABBITMQ,,HLW_HG4_Domain01,djgmq011-rabbitmq-core-1-290b4-0,efbc4d7a-7765-4eb8-9fa8-a9118c5fe398,10.148.131.46,10.148.131.46,4538b13d-4cc4-4eff-b08b-d1acfa5fdf16,a8b38e8a-82d8-43c3-b86e-24c733b72789,1,2ab9156e-04fe-4b17-95d9-911d0df7ab39,8,16384,100,b7be9df7-6b79-4f2f-804e-946b64d18b30,rabbitmq-master-1-34db8,AMBARI,AMBARI_AGENT,HLW_HG4_Domain01,djgmq011-rabbitmq-master-1-34db8-0,0a0b4b28-8972-4544-95a9-f2614edf03fe,10.148.131.91,10.148.131.91,328a7905-62b2-4a35-a35e-54c0482c1e1b,2e850d5a-a27e-4fb7-ad61-cbc7f985c35b,1,2ab9156e-04fe-4b17-95d9-911d0df7ab39,8,16384,100,10.148.131.19,RABBITMQ
djgmq012,ACTIVE,3,f4f24bc9-5c6c-4880-a995-699489491f3d,HLW_HG4_Domain01,CAS,sztzyjy,hlw-海南省教育厅,jyt-131-0-24,e682804b-c993-4913-9e65-2c80c4485a86,rabbitmq-master-1-fa341,AMBARI,AMBARI_AGENT,RABBITMQ,HLW_HG4_Domain01,djgmq012-rabbitmq-master-1-fa341-0,14b39f30-e595-44a4-96d1-82a617dd7436,10.148.131.136,10.148.131.136,3990bbd8-33ef-4a9a-9ab5-a31eec512a9a,02a4773e-51d3-4cc8-a47e-cf1410958afb,1,2ab9156e-04fe-4b17-95d9-911d0df7ab39,8,16384,100,60b84249-95ac-4424-a580-279a84e7add3,rabbitmq-master-2-8aefe,AMBARI_AGENT,AMBARI_SLAVE,RABBITMQ,HLW_HG4_Domain01,djgmq012-rabbitmq-master-2-8aefe-0,615a87ab-9a9f-4b61-974b-fed1f2276c8a,10.148.131.148,10.148.131.148,78d475c9-4cee-49b2-a80f-0529c1dd0700,2b64bb34-da81-401c-ad91-b09bccd2fec4,1,2ab9156e-04fe-4b17-95d9-911d0df7ab39,8,16384,100,50ad8f79-7454-4b12-a556-69e9e2b2e01a,rabbitmq-core-1-cf597,AMBARI_AGENT,RABBITMQ,HLW_HG4_Domain01,djgmq012-rabbitmq-core-1-cf597-0,2f8595f3-04da-4008-8bfe-175c65e31013,10.148.131.99,10.148.131.99,3729dcba-88f8-4f7e-a82d-7690b1befcc4,27fb5742-29d8-4429-8c55-b2070cc0762f,1,2ab9156e-04fe-4b17-95d9-911d0df7ab39,8,16384,100,10.148.131.18,
djgmq009,ACTIVE,3,f4f24bc9-5c6c-4880-a995-699489491f3d,HLW_HG4_Domain01,CAS,sztzyjy,hlw-海南省教育厅,jyt-131-0-24,1dea6544-8d58-47ad-a620-0e913952347d,rabbitmq-master-1-822f4,AMBARI,AMBARI_AGENT,RABBITMQ,HLW_HG4_Domain01,djgmq009-rabbitmq-master-1-822f4-0,f8418f0a-f837-4f39-b980-c4a587f018d5,10.148.131.162,10.148.131.162,5a62299c-51fc-4dd8-8341-bd923eacd106,de26acb6-836e-4aca-96fb-de956dece9c8,1,2ab9156e-04fe-4b17-95d9-911d0df7ab39,8,16384,100,0851900d-9615-4929-9441-3ab4c159e385,rabbitmq-master-2-10546,AMBARI_AGENT,AMBARI_SLAVE,RABBITMQ,HLW_HG4_Domain01,djgmq009-rabbitmq-master-2-10546-0,f729e062-9e70-44cc-9cae-201dce6a1340,10.148.131.147,10.148.131.147,313dbe90-a46f-4058-9495-350b998f2fb4,f59fde9a-0165-4358-8650-1833ee03e87f,1,2ab9156e-04fe-4b17-95d9-911d0df7ab39,8,16384,100,f3793007-ff60-47ad-94d5-8533ae9657c0,rabbitmq-core-1-61852,AMBARI_AGENT,RABBITMQ,HLW_HG4_Domain01,djgmq009-rabbitmq-core-1-61852-0,e5c115c8-6662-4ba4-8f56-98bca7be0d99,10.148.131.222,10.148.131.222,632e4e2d-96bb-4952-b6d2-ebaf11dfc2bb,5d74d958-992c-4133-b907-75f62f6dfd89,1,2ab9156e-04fe-4b17-95d9-911d0df7ab39,8,16384,100,10.148.131.17,
djgmq010,ACTIVE,3,f4f24bc9-5c6c-4880-a995-699489491f3d,HLW_HG4_Domain01,CAS,sztzyjy,hlw-海南省教育厅,jyt-131-0-24,3e266564-5c91-40ea-a326-696be017092f,rabbitmq-master-1-cdfc2,AMBARI,AMBARI_AGENT,RABBITMQ,HLW_HG4_Domain01,djgmq010-rabbitmq-master-1-cdfc2-0,620bdec7-431f-4c7b-8347-c38ecbf72666,10.148.131.34,10.148.131.34,3f555993-748b-464a-b727-e038ff332154,6ae164a0-8ec9-4159-ba72-c6db562d569f,1,2ab9156e-04fe-4b17-95d9-911d0df7ab39,8,16384,100,fce1992f-fcbd-4c77-84ea-12533535756c,rabbitmq-master-2-05d6d,AMBARI_AGENT,AMBARI_SLAVE,RABBITMQ,HLW_HG4_Domain01,djgmq010-rabbitmq-master-2-05d6d-0,94a20a74-2a6d-4dfa-9f20-a6882b1ec864,10.148.131.153,10.148.131.153,7530c984-8783-4cd3-95ad-f4643fa246ba,251d8acc-f430-4be2-ac67-0e0003931d00,1,2ab9156e-04fe-4b17-95d9-911d0df7ab39,8,16384,100,a278d082-5cab-4795-82e4-8116578ab897,rabbitmq-core-1-666be,AMBARI_AGENT,RABBITMQ,HLW_HG4_Domain01,djgmq010-rabbitmq-core-1-666be-0,3874f2cb-4992-4e44-bfcb-a189c7e4c2d7,10.148.131.65,10.148.131.65,af0bce7e-7256-49f5-8478-5eaf3ebbba40,7a8d1f2c-7133-480c-9f43-c5fa872b4615,1,2ab9156e-04fe-4b17-95d9-911d0df7ab39,8,16384,100,10.148.131.16,
djgmq006,ACTIVE,3,f4f24bc9-5c6c-4880-a995-699489491f3d,HLW_HG4_Domain01,CAS,sztzyjy,hlw-海南省教育厅,jyt-131-0-24,2c3cfe28-a73d-4d0f-ad1c-acfb506673c8,rabbitmq-master-1-afb75,AMBARI,AMBARI_AGENT,RABBITMQ,HLW_HG4_Domain01,djgmq006-rabbitmq-master-1-afb75-0,14b201f0-a578-4383-97c7-6b78113aeac0,10.148.131.202,10.148.131.202,3a95a3ef-e8df-45c9-b958-3e8123bf9e1a,74d88970-9b57-4f11-b28b-b1eeb7ce8b8e,1,2ab9156e-04fe-4b17-95d9-911d0df7ab39,8,16384,100,857c6adc-5c7e-470e-a206-0b8bae95b804,rabbitmq-master-2-ee99b,AMBARI_AGENT,AMBARI_SLAVE,RABBITMQ,HLW_HG4_Domain01,djgmq006-rabbitmq-master-2-ee99b-0,4ee7dab0-3d97-4eb6-a1f6-075db23840f1,10.148.131.152,10.148.131.152,a0e24126-d115-448c-b6b5-68277342ea1f,a91ac689-6158-405d-8170-0af4029113bb,1,2ab9156e-04fe-4b17-95d9-911d0df7ab39,8,16384,100,033ffdf7-3a13-4f65-9ae0-9c8d574cddae,rabbitmq-core-1-1f5a9,AMBARI_AGENT,RABBITMQ,HLW_HG4_Domain01,djgmq006-rabbitmq-core-1-1f5a9-0,362f1684-13da-4bd6-ae2f-0e6e3b05958c,10.148.131.189,10.148.131.189,5050b1e7-63e6-4aaa-802c-37913d93dbfd,848a0f54-b070-42fe-a992-82080a4e2cc6,1,2ab9156e-04fe-4b17-95d9-911d0df7ab39,8,16384,100,10.148.131.15,
djgmq007,ACTIVE,3,f4f24bc9-5c6c-4880-a995-699489491f3d,HLW_HG4_Domain01,CAS,sztzyjy,hlw-海南省教育厅,jyt-131-0-24,7a6791ed-1f8a-4f6b-8e16-05973bbf4966,rabbitmq-master-1-4e063,AMBARI,AMBARI_AGENT,RABBITMQ,HLW_HG4_Domain01,djgmq007-rabbitmq-master-1-4e063-0,ff70b6e1-5629-4e6b-8484-88e66aee0599,10.148.131.251,10.148.131.251,acf21130-aec9-41df-a3e3-d17e611fe7dd,9a166090-66d7-47f6-bc1d-d3d0da05b7a1,1,2ab9156e-04fe-4b17-95d9-911d0df7ab39,8,16384,100,e0bad37d-6c63-4f2d-8c16-a00ee16aebcf,rabbitmq-master-2-92da9,AMBARI_AGENT,AMBARI_SLAVE,RABBITMQ,HLW_HG4_Domain01,djgmq007-rabbitmq-master-2-92da9-0,34c3ec86-45d8-4104-ad03-8d6b8d0343c6,10.148.131.126,10.148.131.126,06ec8ac0-9dff-4fbe-89bd-1e5d306ab843,b1e647d4-6c78-4f7a-8ef9-31f95aa176c4,1,2ab9156e-04fe-4b17-95d9-911d0df7ab39,8,16384,100,307831fa-9470-475f-9ab3-e628bb68814e,rabbitmq-core-1-72e14,AMBARI_AGENT,RABBITMQ,HLW_HG4_Domain01,djgmq007-rabbitmq-core-1-72e14-0,c5527a25-baae-42a8-b4a4-eb3064846c6c,10.148.131.188,10.148.131.188,8b0cfaad-ea85-4a8a-a6e0-0b3414b8c7b9,a049e839-8884-4376-8bed-f738caee1f4c,1,2ab9156e-04fe-4b17-95d9-911d0df7ab39,8,16384,100,10.148.131.13,
djgmq004,ACTIVE,3,f4f24bc9-5c6c-4880-a995-699489491f3d,HLW_HG4_Domain01,CAS,sztzyjy,hlw-海南省教育厅,jyt-131-0-24,f0fea826-53fe-4d7a-959b-0a57091e1e33,rabbitmq-master-2-e2d42,AMBARI_AGENT,AMBARI_SLAVE,RABBITMQ,HLW_HG4_Domain01,djgmq004-rabbitmq-master-2-e2d42-0,e4cb9c8e-32ca-425a-bd91-67f3c131fa5b,10.148.131.229,10.148.131.229,0e93a33f-7292-4554-acc5-36c0d316d8a1,6103b8b1-3f7f-4c6c-a028-14419806ace3,1,2ab9156e-04fe-4b17-95d9-911d0df7ab39,8,16384,100,d128fbc8-0756-4c16-ae2c-a98ef7ed08bc,rabbitmq-core-1-c0f78,AMBARI_AGENT,RABBITMQ,,HLW_HG4_Domain01,djgmq004-rabbitmq-core-1-c0f78-0,b251bdbc-9b15-4676-8f35-9369827428be,10.148.131.233,10.148.131.233,987ec827-53fe-4388-baa6-309f3b1b3372,a914a437-54c2-4545-9a80-c4e478698144,1,2ab9156e-04fe-4b17-95d9-911d0df7ab39,8,16384,100,e043dcf3-085f-46c2-8378-1c61061ca643,rabbitmq-master-1-6cf75,AMBARI,AMBARI_AGENT,HLW_HG4_Domain01,djgmq004-rabbitmq-master-1-6cf75-0,ba794144-7bf0-467e-bda0-a9b96c50f02a,10.148.131.151,10.148.131.151,4531d9bb-9a0e-4578-9431-306cf0f1f3a4,d78dee37-9af0-4218-87fd-f0914dbd4184,1,2ab9156e-04fe-4b17-95d9-911d0df7ab39,8,16384,100,10.148.131.10,RABBITMQ
djgmq002,ACTIVE,3,f4f24bc9-5c6c-4880-a995-699489491f3d,HLW_HG4_Domain01,CAS,sztzyjy,hlw-海南省教育厅,jyt-131-0-24,9a834f2a-0079-4428-8603-d2d2329f8f19,rabbitmq-master-2-60b29,AMBARI_AGENT,AMBARI_SLAVE,RABBITMQ,HLW_HG4_Domain01,djgmq002-rabbitmq-master-2-60b29-0,e235e121-cd32-4a1b-9158-98aa5ca9a7ad,10.148.131.249,10.148.131.249,580e6928-25dc-4efa-89d6-e86468cd70b1,3ef02163-7199-41d0-8573-012fcf2ba0ce,1,8e02330e-14bc-4e72-9cf5-e4feb8e3f96b,4,12288,100,be18ac3c-d42d-44e0-a69c-0d54b0b4c455,rabbitmq-core-1-29f09,AMBARI_AGENT,RABBITMQ,,HLW_HG4_Domain01,djgmq002-rabbitmq-core-1-29f09-0,1e02dcb4-6112-4f09-acbd-8d6eeba0e982,10.148.131.215,10.148.131.215,04ffb52a-acb2-4886-9d0c-a7dd8bc7ade0,edd16981-1489-4d94-afe4-28260bd7a769,1,8e02330e-14bc-4e72-9cf5-e4feb8e3f96b,4,12288,100,073ccab0-ea37-4d0a-8a5a-178005a4571f,rabbitmq-master-1-6ac8a,AMBARI,AMBARI_AGENT,HLW_HG4_Domain01,djgmq002-rabbitmq-master-1-6ac8a-0,a235834a-f346-438b-ad59-e1228d932baf,10.148.131.224,10.148.131.224,c9269bcb-8c5c-4861-ab04-ef598a975826,d7ddadca-4222-4e6e-9585-5c893f86a1ad,1,8e02330e-14bc-4e72-9cf5-e4feb8e3f96b,4,12288,100,10.148.131.9,RABBITMQ
djgmq001,ACTIVE,3,f4f24bc9-5c6c-4880-a995-699489491f3d,HLW_HG4_Domain01,CAS,sztzyjy,hlw-海南省教育厅,jyt-131-0-24,7e5cb87f-4e46-452a-a634-f90dc6236e2a,rabbitmq-core-1-67193,AMBARI_AGENT,RABBITMQ,,HLW_HG4_Domain01,djgmq001-rabbitmq-core-1-67193-0,118077d4-890a-43b1-ac26-5ebe77a36cdf,10.148.131.200,10.148.131.200,5c424539-641a-46ec-9386-dff1c25d1ef3,54b8ae34-8765-4cef-9503-e5e7a1ce2990,1,2ab9156e-04fe-4b17-95d9-911d0df7ab39,8,16384,100,6f3684b7-ea98-4b33-b023-ca817bdfc5b2,rabbitmq-master-1-99228,AMBARI,AMBARI_AGENT,RABBITMQ,HLW_HG4_Domain01,djgmq001-rabbitmq-master-1-99228-0,4dc4a197-a314-4eb1-9d4a-55887cb11464,10.148.131.14,10.148.131.14,32d6c234-0c46-404e-bc45-72044e29f377,bc6b2e7d-4b1c-4a29-8b65-62f81e979ecb,1,2ab9156e-04fe-4b17-95d9-911d0df7ab39,8,16384,100,385c9f11-b632-453a-8e9c-04c19c70c6fe,rabbitmq-master-2-25fa3,AMBARI_AGENT,AMBARI_SLAVE,HLW_HG4_Domain01,djgmq001-rabbitmq-master-2-25fa3-0,ee7db15c-346f-4c97-9f90-7d08cbede5d6,10.148.131.56,10.148.131.56,f1563f0b-4ed9-407a-b763-f44b8e82569e,e7f7027f-2d8a-4016-a3a8-4f5dce5ac757,1,2ab9156e-04fe-4b17-95d9-911d0df7ab39,8,16384,100,10.148.131.8,RABBITMQ
djgmq003,ACTIVE,3,f4f24bc9-5c6c-4880-a995-699489491f3d,HLW_HG4_Domain01,CAS,sztzyjy,hlw-海南省教育厅,jyt-131-0-24,0b5bd7c8-2753-44ca-9a4d-c5c4f6c5a128,rabbitmq-master-1-cf213,AMBARI,AMBARI_AGENT,RABBITMQ,HLW_HG4_Domain01,djgmq003-rabbitmq-master-1-cf213-0,9c60fdfe-5dbf-4b3d-b5e9-61676ac6e118,10.148.131.141,10.148.131.141,3905841b-707c-45cd-a72c-7fee56fd2cb9,eaf075ad-0f17-4054-84e9-e7e775b0594c,1,7fd29119-0bb9-4417-a1b7-5a0cf10d3d28,4,15360,300,67497c5e-e7c9-4995-8104-c81d93646f04,rabbitmq-master-2-137b5,AMBARI_AGENT,AMBARI_SLAVE,RABBITMQ,HLW_HG4_Domain01,djgmq003-rabbitmq-master-2-137b5-0,032afba4-282a-40af-92d1-5716899e3342,10.148.131.217,10.148.131.217,0e2d0e8b-2c8b-42fc-8590-53b8e4db8fd1,e9fc3d2d-a65e-47c5-a5b8-68f326a808c8,1,7fd29119-0bb9-4417-a1b7-5a0cf10d3d28,4,15360,300,9921789b-6012-4e99-8c0a-c920891ff4c7,rabbitmq-core-1-9fe38,AMBARI_AGENT,RABBITMQ,HLW_HG4_Domain01,djgmq003-rabbitmq-core-1-9fe38-0,a9f224eb-daf6-44ee-b728-6baa1f0b17fc,10.148.131.242,10.148.131.242,23cd49ce-0f5b-4810-b54a-d0a85045a762,ee6ef3b2-82c0-4518-a19d-afb2d5078549,1,7fd29119-0bb9-4417-a1b7-5a0cf10d3d28,4,15360,300,10.148.131.3,
